,post_id,source,flair,title,body,score,upvote_ratio,num_comments,created_utc,url,label
0,1ubvra6,hot,Discussion,I feel like league is a game that's much more fun to think about playing than it is to actually play,"Every time I get back into esports or see highlight clips of league i think ""wow damn, this shit looks so much fun I gotta go rank up in league!"" and then I play a ranked game and it's such a shit show that I just drop it for a few days and then repeat the process over again. Anyone else feel this way?",484,0.9,125,2026-06-21 17:23,https://reddit.com/r/leagueoflegends/comments/1ubvra6/i_feel_like_league_is_a_game_thats_much_more_fun/,
1,1ubuhmv,hot,Discussion,Which player is the best OTP in League?,"As in, not necessarily who is best in the game in general, but who is just the absolute pinnacle of their specific champion? &#x200B; My mind goes to a few people like Azzapp, Pzzang, NattyNatt, and Phantasm. I'd like to know about your personal picks. EDIT: For clarification, I'm not asking which OTP can climb the highest. I'm asking which OTP you think has the highest degree of mastery on their champ.",534,0.9,495,2026-06-21 16:33,https://reddit.com/r/leagueoflegends/comments/1ubuhmv/which_player_is_the_best_otp_in_league/,
2,1uc1qvo,hot,Esports,"Esports Nation Cup - Europe, Asia and MEA Post Qualification Thread","So yesterday I made the thread about the Top 4 Teams, so heres each Team that qualified today next to the 16 direct teams. The Americas will finish their tournament later today and are currently playing. **SEA + Oceania: New Zealand and Phillipines** New Zealand (Chippys, Whynot, Shok, Raes, Lost) did not drop a game throughout the tournament defeating Australia and the Phillipines 1:0 before winning the upper bracket with a 2:0 over Singapore. The Phillipines (Relhia, Devoured, Cherbm Dawn and Cresho) only lost to the Upper Bracket Winners but BO1 wins ve Guam, Malaysia and Australia saw them throught o the lower bracket final where they managed a 2:0 Victory vs Singapore. **ASIA: Hong Kong and Mongolia** The qualifier with the least teams saw Hong Kong (YSKM, Holo, Pretender, 1xn and Kaiwing) demolish the competition. Meanwhile Mongolia (EQon, Yuuji, River, Jawkan, Trillv) managed the absolute shock of the whole competition. After falling into the lower bracket vs Japan they beat Pakistan, StiLanka and Bangladesh for a rematch vs the Japanese. Game 1 looked like another defeat but lead by Maryville Jungler Yuuji they managed to run it around and win Game 2 and 3 for a 2:1 Victory knocking Japan out and qualifying for the main event. **MEA: Algeria and Tunisia (+Saudi Arabia maybe)** Algeria (Potent, Kobs, Kamiloo, Rin, Aymen) was the big favorite and after an upper bracket BO1 run vs Iraw, Cameroon,Georgia, Marocco they also beat Tunisia in a B03. Tunisia (Chakroun, Dean, Koussay3, Xicor3, Insane) managed to trouble Algeria in game 1 after defeating Oman, Madagascar, Lebanon and Saudi Arabia in a B01 but ultimately lost 2:0 falling to the lower bracket for a rematch vs Lebanon where they first lost Game 1. But on the brink of elimination they turned the series around ultimately pulling off the 2:1 victory and Qualification. Note that there are two Wild Card Spots and one of them will probably go to Saudi Arabia as the Host Nation. **Europe East: Lithuania and Romania** Lithuania (Eckas, Lyncas, Toffe, Yashiro, Parein) came through the upper bracket with wins over Kosovo, Ukraina and Romania where they then beat Hungary in a 2:0 victory not dropping a game in qualifiers and looking dominant. Romania (Shelfmade, Frost, Ronaldo, Yakkey, whiteinn) lost their match to Lithuania but beat Latvia and Serbia in the upper and then North Macedonia and Serbia in the lower bracket to face off vs Hungary where in a back and fourth series they secured the 2:1 victory and qualification. **Europe West: Germany and Belgium** Germany (Irrelevant, Habubu, Reeker, Keduii, Tockimo/Lillipp)were the 18th ranked team overall and proved that ranking by winning the upper bracket without dropping a game. On the way they beat Norway, Belgium and the Netherlands. Tbh they looked better individually but very iffy on the map and at times like happy gaming which cant be happening vs better teams. Belgium (Zorac, Bwipo, Nisqy, Evangelyne, Targamas) won their first two BO1s vs Malta and Portugal before getting smacked by Germany and dropping to the lower bracket where they beat Switzerland and Portugal in a rematch before facing qualification vs Netherlands. There they managed to beat the dutch and qualify for the main event.",159,0.88,35,2026-06-21 21:26,https://reddit.com/r/leagueoflegends/comments/1uc1qvo/esports_nation_cup_europe_asia_and_mea_post/,
3,1ubpo8i,hot,Discussion,I miss twisted treeline,"I know it got removed in 2019, still was my favorite mode in league. It was different than rift and when you’d get bored of 5vs5 you had a different option. Should be brought back especially with the new champions would be fun to see how it would play out.",734,0.89,183,2026-06-21 13:09,https://reddit.com/r/leagueoflegends/comments/1ubpo8i/i_miss_twisted_treeline/,
4,1uc121b,hot,Esports,Top Lane Meta in Pro Play feels the most disconnected from Average play,"Just noticed that pro play top lane is by far the most disconnected from the average solo q (excelt challenger elo) meta. Top Lane pro play is like Rumble, Jayce, Gnar, Ksante… all champs that are extremely non conventional, unpopular and low winrate in solo q and average play (except challenger elo). Compare that to the other roles: Jg pro meta: J4, Xin, Nocturne, Vi - all “universal typical junglers” Mid Pro meta: Ahri, Ori, Anivia, Aurora, I guess Azir is kinda a pro play champ but the others are all typical universal solo q mages Adc meta: Varus, Cait, Ezreal, Ashe, pretty standard adc stuff Supp meta: Naut, Rakan, Karma, Seraphine also pretty standard But ya just a random thing I noticed recently. Very interested cuz we really don’t see bruisers top anymore except maybe Ambessa/Zaheen. Don’t even see tanks except Ksante and Sion.",133,0.81,84,2026-06-21 20:57,https://reddit.com/r/leagueoflegends/comments/1uc121b/top_lane_meta_in_pro_play_feels_the_most/,
5,1ubwq44,hot,Discussion,Can any champ essentially be a tank if they built all tank items?,"asking for a friend... just kidding, i'm asking for myself. I've been thinking about this for a while but I don't think I know enough about non-tank champs to be able to figure it out myself. the other day i was playing with a tank viegar on my team and thought it was weird but it kinda worked. Can i get some answers as to why or why not we can build any champ into a tank with the right items? EDIT: I appreciate everybody's input!! I've learned a lot, thank you. Here I thought that a good tank was just having a lot of HP lol New Question! - What champs do you like taking tank that aren't usually tanks? And why does it work?",205,0.87,113,2026-06-21 18:02,https://reddit.com/r/leagueoflegends/comments/1ubwq44/can_any_champ_essentially_be_a_tank_if_they_built/,
6,1ubtih5,hot,Discussion,What is one non-meta item you use on your champ which works well?,"Curious to see if anyone sticks to certain items that aren't used by anyone else on their champs (and it works well). I feel league is always following cookie cutter builds but changing itemization after 1-2 core items. So im not talking about those, Im talking about an item that is not on any of the standard builds you see on the data sites like mobalytics/u g/ op gg etc, not even as a fourth fifth sixth item etc. For example, there was this korean challenger who used to spam zeke's convergence on assassins like naafiri and talon or use Bastionbreaker on vayne, but literally no one else or no sites recommend these.",193,0.96,295,2026-06-21 15:53,https://reddit.com/r/leagueoflegends/comments/1ubtih5/what_is_one_nonmeta_item_you_use_on_your_champ/,
7,1ubiw08,hot,News,Phantasm becomes the first ever player to hit 4000 LP,"In patch 26.6 Riot changed how the LP system worked, removing a LP cutoff that kept the LP of Challenger players from climbing too high. When Riot did this, Riot Phroxzon predicted that the top of ladder could come close to 4000 LP. [https://x.com/RiotPhroxzon/status/2034692755054907517](https://x.com/RiotPhroxzon/status/2034692755054907517) https://preview.redd.it/x2tto52mzk8h1.png?width=696&format=png&auto=webp&s=28f8daf16cfb3c974458b7e7502a410decb3cafa Phantasm has exceeded that and has become the first player to ever hit 4000 LP on EUW on the account [Phanta#107](https://dpm.lol/Phanta-107). https://preview.redd.it/ncrsfmpiyk8h1.png?width=1028&format=png&auto=webp&s=cb5a57daaf99cd0495b5364033fabdc0de50cf5d He has a 64% winrate on Akshan over 486 games while playing in challenger mmr, truly an insane achievement. https://preview.redd.it/4p37lu6vyk8h1.png?width=253&format=png&auto=webp&s=dd29881cc4f606c73b29a39d2d3279057cd2fa2a",902,0.95,278,2026-06-21 06:40,https://reddit.com/r/leagueoflegends/comments/1ubiw08/phantasm_becomes_the_first_ever_player_to_hit/,
8,1ubp6kj,hot,Discussion,Aegis is too unbalanced in favour of non-priority roles,"In the top 10 EUW, there are currently 8 [midlaners](https://dpm.lol/leaderboards?platform=euw1). The reason is obvious, the most popular role gets autofilled the most, and hence get guaranteed aegis the most. Add on the fact that theres tons of midlaners that can be flexed into other lanes, and the opponent will also be autofilled. The aegis distribution makes the ladder completely unfair in favour of mid/bot the two most popular roles (or whichever roles are most popular in your server) My guess is the aegis 'drop rate' for priority roles is balanced around low elo and hence it will never catch up to the autofill rate. My preferred solution is to remove this stupid system, but if they insist of doubling down on aegis then at least make aegis rate balanced across all roles at all ranks. Current system is completely unfair and does not promote competitive integrity.",128,0.75,110,2026-06-21 12:46,https://reddit.com/r/leagueoflegends/comments/1ubp6kj/aegis_is_too_unbalanced_in_favour_of_nonpriority/,
9,1ubq55p,hot,Discussion,Why was the Ryze rework dumbed down?,"So, I was watching some old spotlights for fun and I noticed that Ryze rework used to be much different compared to today. He just looked so much more interesting to play, compared to today where you just spam eqeqeqeq. The way his spell flux used to work is the most intriguing part to me, you either had to spell flux a target twice for it to spread or you had to kill a spell fluxed target for it to spread. Feels like you had to give it more thought to spread flux effectively. I can see that some of the other parts of the old kit could be a little obnoxious to play against, like getting a shield on empowered Q and base W rooting. So could someone who played the game back when the rework first released tell me why was he changed? Was he too strong? if yes why didn't they just nerf him instead of making him easier?",96,0.86,34,2026-06-21 13:30,https://reddit.com/r/leagueoflegends/comments/1ubq55p/why_was_the_ryze_rework_dumbed_down/,
10,1ubb04r,hot,Discussion,"i0ki played vayne to prove a point, but is missing context.","i0kis latest video has him playing on a silver 2 account with the point trying to show how easy adc is. [https://u.gg/lol/profile/na1/valiadrinaid-na1/overview](https://u.gg/lol/profile/na1/valiadrinaid-na1/overview) If you take a look its for sure the game he posts, with a thumbnail saying how its not hard at all.[https://www.youtube.com/@i0kiVids/videos](https://www.youtube.com/@i0kiVids/videos) If it isn't hard at all why did he go 0/9/1 on vayne the game before, and why isn't he playing at his actual rank? I just find it curious that all of that was left out. I get needing to make content and what not. Gotta play the game i suppose. Just a shame a player of his caliber is just taking a piss instead of taking the opportunity to teach the player base what he has learned. TLDR smurfs gotta smurf and i suck at league of legends",985,0.86,131,2026-06-20 23:43,https://reddit.com/r/leagueoflegends/comments/1ubb04r/i0ki_played_vayne_to_prove_a_point_but_is_missing/,
11,1ubi5wq,hot,Discussion,Deathfire Touch duration refreshing logic is very odd.,"I'm not sure if anyone has mentioned this, but I find it very odd that the way DFT refreshes its duration is by overwriting its current duration with a new duration. Since DFT have different durations for single target (4 seconds), AoE (2 seconds) and DoT spells (1 second), it is extremely likely you will accidentally overwrite a single target duration with an AoE duration resulting in damage loss with the current way DFT is implemented. An example is on Smolder, who is a big user of DFT. Since Q is considered a single target spell and W is considered an AoE spell, when you cast Q into W, Q's single target 4 second DFT duration gets instantly overwritten by W's 2 second DFT duration, resulting in Smolder not getting the 75% increased damage of DFT. Here's a video showcasing this: https://reddit.com/link/1ubi5wq/video/tz1auvabrk8h1/player The more sensible implementation imo is to have the duration of DFT be **EXTENDED** with the respective durations up to a cap of 4 seconds. This will make it so that single target spells duration of 4 seconds do not get overwritten by AoE spell duration, so you do not lose damage by casting an AoE spell immediately after a single target spell. If DoTs are an issue with it being able to sustain a 4 second duration with the extension implementation, maybe lowering the DoT duration to 0.5 seconds is the solution. Edit: I DO NOT THINK THAT THIS IS A BUG! MODS PLEASE DO NOT REMOVE MY POST!",300,0.95,34,2026-06-21 05:58,https://reddit.com/r/leagueoflegends/comments/1ubi5wq/deathfire_touch_duration_refreshing_logic_is_very/,
12,1ucavfl,hot,Discussion,Learning is Fun,"Despite my other posts league has been a fun thing learning so far. The only problem really so far is just how people are in this game but thats okay since i knew it coming in. This game has been teaching me a lot of patience and to pay attention to things more. I like how attention demanding the game is. i like a lot of the characters, another thing i really dont like it how hard the counter matchups are..i play yone so mine a brutal. im not sure what other role to play so if anyone has any recs ill take them i play mid",4,0.75,1,2026-06-22 04:37,https://reddit.com/r/leagueoflegends/comments/1ucavfl/learning_is_fun/,
13,1ubqip9,hot,Art,Nocturne FANART by me,i main nocturne so i just had to draw him! what else champs do u think would look good in my style? hope u like it! 💘 https://imgur.com/a/WE4UH5v,49,0.95,6,2026-06-21 13:47,https://reddit.com/r/leagueoflegends/comments/1ubqip9/nocturne_fanart_by_me/,
14,1ubpwwa,hot,Discussion,I revived League Profile Tool and updated it for current League,"A while ago I forked League Profile Tool because the original app had stopped working properly with newer versions of the League client. I used the tool years ago and always thought it was a cool little project, but the client changed enough over time that a bunch of features eventually broke. The original repo also seemed inactive, so I started fixing it for myself and ended up adding more to it. The app is basically a local League client/profile tool. It uses the League Client Update API that runs on your own PC while the League client is open. Right now it has things like: * a live profile preview * match tools, including an auto-accept queue feature and a lane opponent prediction * friends list tools (an easier way to unfriend people) * League lobby invites (with lobby link generation) * Status editing without a message limit * a persistent invisible mode, so it reapplies when League resets you back online * profile icon changing * profile background changing * chat rank editing * champion purchase date preview * custom local client API requests * developer tools for exploring local client endpoints Just to be clear, it does not inject into League, modify game files, hook the game process, unlock content, add overlays, or do anything gameplay-related. It just talks to the local League client API. I also made a web demo for it here: [https://leagueprofiletool.servertheo.top](https://leagueprofiletool.servertheo.top) The website UI is a bit behind the desktop app and a few tabs are missing, but it shows the general idea and most of the same features. If anyone tries it, I would appreciate bug reports or ideas. The friends/lobby tools, persistent invisible mode, and match tools are the newer parts, so feedback on those would help a lot. **Edit:** The GitHub page is currently unavailable, and I’ve opened a support ticket. Temporary GitLab release page: [https://gitlab.com/veryverycoolname-group/league-profile-tool/-/releases/V3.4.2](https://gitlab.com/veryverycoolname-group/league-profile-tool/-/releases/V3.4.2) Original GitHub repo: [https://github.com/VeryVeryCoolName/league-profile-tool](https://github.com/VeryVeryCoolName/league-profile-tool) **Edit 2:** This launch has been rough, so I’m temporarily removing the installer and 32-bit download links until the GitHub page is restored and I can get the builds signed. For now, I’m only linking the portable 64-bit version. It does not require an installer, is easier to inspect or remove, and is the safest temporary option while the GitHub release page is unavailable. I’ve also linked the VirusTotal report for the build so you can review the scan results yourself: [https://www.virustotal.com/gui/file/fba3762bbb033fe69b1bd37e03aacc154e070c737a2712d849c0d80a0d28483d?nocache=1](https://www.virustotal.com/gui/file/fba3762bbb033fe69b1bd37e03aacc154e070c737a2712d849c0d80a0d28483d?nocache=1)",48,0.89,9,2026-06-21 13:20,https://reddit.com/r/leagueoflegends/comments/1ubpwwa/i_revived_league_profile_tool_and_updated_it_for/,
15,1ubsgmd,hot,Discussion,Do you prefer turning skin you don't want into orange essence or do you gamble?,"By gamble i mean like using 3 of them to get 1 permanent skin. Me personally it's depend of i already have a skin i want or not if i do then i probably turn one I don't want into orange essence but if i don't i would gamble, though it still hurt to get a skin below epic that way.",31,0.84,78,2026-06-21 15:10,https://reddit.com/r/leagueoflegends/comments/1ubsgmd/do_you_prefer_turning_skin_you_dont_want_into/,
16,1ubynjg,hot,Discussion,From stacking nashors on nunu to master.,I didn't know where else to post i'm just celebrating my first time making it to masters after playing for 14 years regardless of elo inflation etc i've nearly always sat in the top 1% and after coming back and seeing low diamond is no longer the top 1% i pushed towards masters this season and got it [https://imgur.com/JV24uju](https://imgur.com/JV24uju) [https://imgur.com/Wqjx2fQ](https://imgur.com/Wqjx2fQ),12,0.83,3,2026-06-21 19:19,https://reddit.com/r/leagueoflegends/comments/1ubynjg/from_stacking_nashors_on_nunu_to_master/,
17,1ub5bfp,hot,Discussion,2000 LP is not enough anymore for Challenger rank on EUW,"https://op.gg/de/lol/leaderboards/tier?region=euw I know this was intended by Riot with their changes but it is still mind-blowing to me. Not sure how people generally feel about this. Is it exciting to see numbers go higher and higher and watch how far people can get? Is it discouraging to reach master and knowing that even by playing 10 games per day with a 80% win rate you will never get close to rank 1? Really not sure where this is going to lead or how high numbers will get, just crazy how the ladder exploded this season",877,0.95,323,2026-06-20 19:31,https://reddit.com/r/leagueoflegends/comments/1ub5bfp/2000_lp_is_not_enough_anymore_for_challenger_rank/,
18,1uc9jm3,hot,Rotating Event,"Maokai , Dropkick and tank engine",Well just see it for yourself. One auto penta. Dropnick plus tank engine. I was the one playing mao kai but this is my friend's pov since we were playing custom,2,0.55,2,2026-06-22 03:28,https://reddit.com/r/leagueoflegends/comments/1uc9jm3/maokai_dropkick_and_tank_engine/,
19,1ubxxno,hot,Discussion,Thoughts of a new player who joined in 2026,"I always avoided playing this game for the simple silly reason that I found it to be too mainstream for me. Some friends introduced me to it and it turns out it's actually pretty fun. You will laugh but I actually used to play Heroes of the Storm initially because I used to be a blizzard fanboy. And now I can't look back. Comebacks are a thing, and the way the feeding mechanic works keeps things interesting. I will always remember my favorite game from a few months back, when I was playing Mordekaiser top. Our team was super behind, we were losing all lanes, me and Nocturne were the only ones holding the game. Nocturne said come on Morde, it's u and me, we got this. I would R and kill their carry, Nocturne would get picks on isolated targets who were not staying grouped, and we divide and conquered our way to an unlikely victory. Being good is rewarding, and even if you're not, you still get your chance to shine if you're just a little bit lucky. I ended up maining Master Yi, even though I tried really, really hard not to. I feel guilty about maining the noob champion, but at least I play him in toplane exclusively so I can tell myself I'm being skill expressive (As much as a silver player can, anyway). My only complaint about this game is in it's community. It turns out the legends were true. Yes, the game is pretty addictive. And yes, holy shit, this is the most rancid cesspool of anonymous human interaction I have witnessed on the internet. For every single wholesome game I have, there are five games of disgusting behavior. If you're winning, you have to flame your enemy laner cause he sucks. If you're losing, you have to flame your enemy laner cause his champion is op. Or maybe cause he counterpicked you. Even not, what the hell, flame him for counterpicking you and still losing. Flame your team if you're losing, it's just the way to do things here. You can flame them even if you're winning, it's not that hard to find a reason. The sheer vileness made me remember of when I was 12, and the first time I discovered the internet, where I would start to argue with strangers for no reason in particular. It does make me wonder just how much innate harbored hate humans have for each other that you usually don't see because you can't hide it comfortably behind the screen. And it sucks because stuff like this doesn't really get to me, I consider myself to be decently mentally and emotionally resilient. But seeing it again and again and again gets tiresome. The whole ""report"" slang i have not witnessed anywhere else is as pathetic as it is nonsensical. Report this, report that, report him. Always report every specific player for... what? For being bad? why is it against the rules to be bad? I don't think it is, is it? At this point, to me, it feels like you basically indirectly state that you're not actually that good, that you need decent players on your team, which you can't win without. The thought doesn't even cross to their mind to these people that if they were actually good, they could still or should try to win even with a ""troll"" on their team. God damn, those games are really rewarding to win. League is one of the pioneer titles in Esports, if I'm not mistaken. But I have dabbled in a variety of different sports, and in every singe one of them, sportsmanship was preached as a very important value. Boxers, funnily enough, are usually some of the most polite and respectful people you'll ever meet (at least in my experience). All in all, the duality of how great the game is to how much the community sucks at an inversely proportional level is quite interersting, if not ironic to me.",9,0.74,12,2026-06-21 18:50,https://reddit.com/r/leagueoflegends/comments/1ubxxno/thoughts_of_a_new_player_who_joined_in_2026/,
20,1ubjwrj,hot,Discussion,Tied for Most Damage Done,"[Image](https://imgur.com/a/unk9VGV) for ref - This might be most rare thing I've ever encountered, or at the very least I've never before seen it in my 16 years of playing the game. Me and My team's diana hitting the exact same damage in a 34 minute game for most damage dealt. It's not that cool overall, i get that, but i also just don't think i've ever encountered it before and honestly now I just wanna know how infrequently this has managed to happen.",59,0.85,62,2026-06-21 07:41,https://reddit.com/r/leagueoflegends/comments/1ubjwrj/tied_for_most_damage_done/,
21,1ubv5zz,hot,Esports,(East ENC Qualifiers) Lithuania qualifies for ENC with a record of 5 wins 0 losses,Today Lithuania went against Hungary for the ticket to ENC and won 2-0 Hungary will be going against Romania for a second chance at qualifying for ENC,10,0.81,0,2026-06-21 17:00,https://reddit.com/r/leagueoflegends/comments/1ubv5zz/east_enc_qualifiers_lithuania_qualifies_for_enc/,
22,1ub42fu,hot,Discussion,What is the tankiest passive in the game?,"My friend asked me to make champions with abilities that currently exist and all abilities exist as written on the button they’re assigned to. I made an ADC(Caitlyn AA range, Jhin passive, Camille Q, Sivir W, Udyr E, Xin Zhao R.) If we were making an absolutely demonic tank champion, what(non-4 buttons) passive would it have?",494,0.94,180,2026-06-20 18:40,https://reddit.com/r/leagueoflegends/comments/1ub42fu/what_is_the_tankiest_passive_in_the_game/,
23,1ubxbce,hot,Rotating Event,Represent your country with the Fan Nations Cup ($100 Prize Pool),"Hey I’m Marn. Myself and Cloud Sidky from the LCS Report are hosting a fan version of the World Cup! All matches will be best of series and ARAM Mayhem. Must make an NA account to compete, casters will be casting each match, everyone bar tier 1 pros are allowed. Prize pool is $100 RP. Select your country and signup in the tweet above! Here is the signup tweet: https://x.com/marnesports/status/2068695746510045222?s=46",5,0.73,0,2026-06-21 18:25,https://reddit.com/r/leagueoflegends/comments/1ubxbce/represent_your_country_with_the_fan_nations_cup/,
24,1uc857e,hot,Discussion,Original Shen TPA Foam Thundersticks from 2012 League of Legends Event,"I cleaned up the attic and found 4x still working R-i-o-t Games Foam Thundersticks. I think i got them at the german Gamescom from 2012 or it was from an EU LCS event. Had to get out the old batteries because over this period of time they eroded and expanded in size. But nothing got damaged, and after a some fresh batteries, they worked like 14 Years ago. I can´t find any of those online either. Only the newer inflatable ones. Apparantly Production cost, and shipping the old ones were to expensive, so they switched to the inflatables. They made so much noise back in the day, the reason why they immortalized them in the TPA Shen skin. I think about selling them, but with no reference price or any information of ones beeing sold its hard to figure any value Would appreciate ideas",0,0.44,0,2026-06-22 02:21,https://reddit.com/r/leagueoflegends/comments/1uc857e/original_shen_tpa_foam_thundersticks_from_2012/,
25,1uc0868,hot,Discussion,"The ""returning player"" or ""return to ranked"" experience is horrible","I'm sure many of us are familiar with terms and concepts such as ""smurf queue"", ""Low priority Queue"" ""MMR not being your elo"" and such. One topic related to all of those is the matching of players who either return to the game, or return to ranked. That matchmaking has, usually, been rather bad. As many of us have, i played almost exclusively ARAM mayhem and Arena for the past half year. Me, being a multi-season E4 player, was shocked to [suddenly find myself with P2 rank in a game with 4 diamond players](https://op.gg/lol/summoners/euw/OdinsStory-EUW/matches/gQPy4E1WJF_DaaoliXzHgWkrr6HtOjlZV1ermsxG8Wk%3D/1782072719000). I got absolutely stomped in lane and kinda just don't want to play ranked again with matchmaking this shitty. I've had a similar experience after taking a complete 6 month break after the introduction of vanguard, and others have reported similar stories: [2 years break](https://www.reddit.com/r/leagueoflegends/comments/1rgqe9p/returning_player_experience_is_horrible/?utm_source=share&utm_medium=web3x&utm_name=web3xcss&utm_term=1&utm_content=share_button), [10-15yr break](https://www.reddit.com/r/leagueoflegends/comments/1t9hr86/returning_player_destroyed_in_matchmaking/), etc.",4,0.62,2,2026-06-21 20:23,https://reddit.com/r/leagueoflegends/comments/1uc0868/the_returning_player_or_return_to_ranked/,
26,1uc07za,hot,Educational,Advice on champions for a beginner?,"Hello! I'm a newer player and I was looking to find some new champions to explore as I'm getting kinda bored. I mainly play Caitlyn in bottom lane but recently I've picked up Vex as mid/support since I solo queue and usually need another pick. I would like to expand the champions I'm comfotable with before I get to ranked. I've tried Lux and Darius but I don't exactly enjoy their play style, also tried Hwei and I love the character and the mechanics but it's too difficult for my current skill level. Any recommendations? 🙏",3,0.71,15,2026-06-21 20:23,https://reddit.com/r/leagueoflegends/comments/1uc07za/advice_on_champions_for_a_beginner/,
27,1ub68yc,hot,Esports,[OFFICIAL] Support Ceos has been allowed to explore his options as announced by Shopify Rebellion,"After a historic two years as the first Brazilian player in LCS, today we will be allowing @Ceoslol01 to explore his options. Thank you for your passion, kindness and lifelong memories we were able to make together. We wish you the best of luck in your next chapter, obrigado 💚 https://x.com/i/status/2068378347218809004 Thank you Ceos 💚 History made. Countless memories. A Rebel forever. https://x.com/i/status/2068408628877643798",254,0.93,87,2026-06-20 20:10,https://reddit.com/r/leagueoflegends/comments/1ub68yc/official_support_ceos_has_been_allowed_to_explore/,
28,1uc4nbj,hot,Discussion,Any tips for a new player?,"I’m pretty new to the game and the scene in general, I play on WASD and I’m about level 21. I play kayn jungle a lot and I usually do decently in swift play. I’d appreciate any tips and maybe people to queue with!",1,0.6,2,2026-06-21 23:35,https://reddit.com/r/leagueoflegends/comments/1uc4nbj/any_tips_for_a_new_player/,
29,1uc3wvx,hot,Discussion,Bots in bronze lobbies?,"Has anyone else experienced actual ai players in games for lower level lobbies? They don't say or ping anything in chat, they just hit minions and don't play with the team or fight at all. Is there any way to avoid this?",1,0.56,21,2026-06-21 23:01,https://reddit.com/r/leagueoflegends/comments/1uc3wvx/bots_in_bronze_lobbies/,
30,1uc3tb2,hot,Discussion,Is today’s clash the ixtal cup or the void cup?,"I read a post a month ago saying that it was the void cup but is ixtal in north america, is that true? I really want a void banner if it exists but I have a bad feeling that I’m just playing for an ixtal one",0,0.5,0,2026-06-21 22:57,https://reddit.com/r/leagueoflegends/comments/1uc3tb2/is_todays_clash_the_ixtal_cup_or_the_void_cup/,
31,1ubbgdu,hot,Discussion,"Riot Endstep Discord Q&A #28: Kiss+Curse Effects, Playtesting, Wall Dashes","Timestamps and Summaries Disclaimer that Summaries are my own words and to not take them at face value of exact words Endstep said. They are my interpretation of what he said and I tried my best. [0:44](https://youtu.be/lEB3YoAGQo8?si=WQ42kcvY5VqkmjmX&t=44) Would an negative ability haste item in exchange for high flat magic pen be a good idea? & New item or keystone that turns ranged champions into melee? - Most of the design space in the space is dead in League. - Items in League, have two main purposes. - Fantasy enhancers like Tri Force or Rapidfire Cannon - Situational items like Grievous Wounds, Steraks, Deaths Dance, Zhonyas - Some items like Zhonyas are Fantasy enhancers for some champions, and situational items for other champions - The awkward thing about items with downsides, is that they don't fit into either of those categories - Jax looks at Tri Force, and sees health, AD/AS, a Sheen Effect, and haste, and movement speed. It enhances his fantasy by doing what Jax did already, better - Says you could imagine how these items could have a negative, with an example of -50AP on Tri Force. - But having a negative is directly at odds with fantasy enhancing items. - For situational items, they want the items to be good in the situations they are needed. - Says the one counterexample was the original Gargoyle Stoneplate that reduced damage when activated. But Endstep explains that it was added to stop the item from just becoming a fighter item, and says that the second version of Stoneplate DID become a fighter item. - Says downsides don't typically fit into the idea of what items are in League - Says many players get ideas after playing rougelikes and rougelites and sees similarities in the item systems and question why League can't have similar things - Says downsides in Rougelikes/Rougelites don't actually have to be high quality because you won't see them every run, nor do you have to take them when you do. - Says the item given in the example just means LeBlanc is going to feel bad for buying the item. - Says they have to be very careful about negative ability haste specifically and points to the negative ability haste modifiers in ARAM Mayhem that just feels bad. - Says he doesn't like the given item example because it is just really bad for AP Assassins by pushing them in the same position as AD Assassins - Re Ranged -> Melee. Many ranged champions don't have kits structured to be melee - Points to Samira/Graves that take Draw Your Sword in Arena and ARAM Mayhem, and says they are powerful, but lose a lot of interest in their kits. But Draw Your Sword overpowers that by just being extremely strong - Gives the example of Ectoplasm in Slay the Spire that gives you energy at the cost of you no longer gaining gold. Saying that it is actively detrimental to the gameplay loop because it cuts off the shop. But it's fine because you don't see it every run - Says the item/rune version of Draw your Sword would have to be extremely powerful and the balanced version would be extremely unappealing - Says there are SOME versions that could work on items with negatives, in the case of actives like the original Gargoyle Stoneplate or Actualizer (not that Actualizer is working well) - Another example that could work is a downside that becomes an upside - Brings up a similar example of Celestial Body that reduces your damage until you level it up and the damage reduction goes away eventually - Says there are SOME compelling spaces negatives on items could be, but they don't tend to make sense - Says the biggest barrier is that League actually has balanced systems that other games don't care for - Further expands that Kiss/Curse effects need to be substantially more powerful than other effects - Says they use items as systemic relief valves or fantasy enhancers which neither play well into curse items - Says that ignoring a downside isn't enhancing, with the example of negative ability haste on Yasuo. - Says that they have tried multiple item experiments over time and they played out exactly like they expected with what was discussed because they don't fit into the League item/rune ecosystem [15:51](https://youtu.be/lEB3YoAGQo8?si=7i6fTZ8IffxNRkjR&t=951) What is Liandry's Torments goal? And is Riot satisfied with it? - Endstep speaking as the designer of the AP Ecosystem at present and not the live balance team - Says the original goal was to address the champions that wanted to deal sustained damage or care about dealing damage to a durable target due to target access. Says they wanted an item that gave them a bit of durability since they would be hitting frontline - The number one group for this was Control Mages that enables them to be a bit more durable and capable of fighting Frontline at the cost of doing less burst - Liandries also exists for DOT mages/champions like Lillia/Brand and they want target agnostic damage - Says there is an area where Liandries falls flat, and he wishes they could reduce the HP or up the cost by a bit and buff the AP up some - Says champions like Udyr/Lillia feels like the first item damage spike isn't that good because they either only build one damage, or they need the damage in the first item for kit functionality - Says Liandries is a fantasy enhancing item for champions that have repeatable damage - Says he is overall happy with its current state, but thinks it could probably use 5-10 more AP. But the nerf made sense in the past because it was just outright the best item in the game [22:35](https://youtu.be/lEB3YoAGQo8?si=VkxEKynXw8dFivxo&t=1355) How is internal playtesting conducted? - Says he considered making an entire video about this question - There are a number of playtests that go on on a regular basis. This is talking about the general case rather than specifics - Most teams test 2 times a day, one in the morning and the evening at least, with some teams testing more, and some teams test less. Some teams have a common occurrence to cancel the test under specific situations - DPT: Champions Team Playtest (He says its an awful name and they need to change it. Original name was ""Design Playtest"") - This test is mornings and evenings and is for new champions in various stages of design (early concept, tuning numbers, close to release) - Says these tests are pretty chaotic, and there is often cheating going on in these tests to let them test what they were looking to test. - There is also large skill discrepancies in these tests. - SRT: Summoners Rift Team - Morning and Evening. They vary from time to time. - They consist of things like next piece of seasonal content, some patch work for live (like changes on Swain, testing the changes here) - Says last year, the last 3 months of the year were just seasonal tests and they weren't really doing any tests for the live pod. - Says these tests are usually a bit better than DPT with much closer skill levels - Says there are some champs that people are forbidden from playing on a player by player level because it ruins the playtest (Endstep isn't allowed to play Diana) - Early champion concept tests won't be done in SRT until their kit is locked down and they assign out the SRT consult to put games on it - Says they didn't play Shyvana rework in SRT until her kit was locked down. Then they played 5-10 games and dropped her for a few months until she was in a more balanced state when the designer was asking about changing things - GAT: Gameplay Analysis Team - Endstep used to be here - Current schedule is 3x a day, and sometimes 4x a day. It was 4x a day when he was on the team - They have a very targeted goals. - Gives the example that ""this 2 week stretch is allocated to mostly testing upcoming season"" or ""testing these champions"" - Their skill band is much closer and is usually high diamond+ and more recently, masters+ - Says they sometimes pull in other rioters to fill in seats - Says they will sometimes just outright equalize the game to get specific game states - Says GAT is usually much more specific about testing a specific thing and manufacturing the state to test it. - Modes team - 2x a day - What they test varies wildly based on what they're doing - Says they were most recently testing ARAM Mayhem 1.5x a day - Says he has subbed into a modes play test less than 10x despite working on League for 8 years - Other various play tests - Leads play tests where they want them to take a look at specific things and set the tests up for them - Art play tests where the artist needs to get a read on how something plays in game - External play test, where they will bring in players to play test the champion (gives an example of calling in assassin mains to try in Locke) - There are internal play tests they have that are similar to this. They at some point brought in a bunch of Juggernaut players in Riot to try the Volibear rework. [35:24](https://youtu.be/lEB3YoAGQo8?si=6Gq9FIjtF1W1iPpq&t=2124) True Damage reduction item. - Says there is a good structural reason for there to be a mechanism for them to say ""this damage cannot be mitigated"" and points to Olaf E - Says Olaf E can have a high health cost because they know exactly how much damage it will do. - Points to Umbral Glaive and Bastionbreaker where their true damage is only there for ""visibility"" - Says it's possible they have overused true damage for that purpose - Says its possible they should persue different overall balance tuning on champions with true damage, like maybe Vayne should have less true damage on W, and more AD on R. - Says there may be space for an indirect counter to true damage, but never something directly countering [41:22](https://youtu.be/lEB3YoAGQo8?si=eD8eL2zBZcpRTK_V&t=2482) Should Raptors lose some units to make jungle more accessible to certain champions? - Says the questioner gave the example of Trundle with Raptors - Says the original intent was that different champions with different levels of AOE would prefer different sides of the jungle. - Amumu would prefer the Raptor/Krugs side, and Warwick would prefer the Wolves/Gromp side - Says the actual reality post Jungle Pet is that this doesn't exist anymore, you clear what you can. - Says the real question is whether they should revert this or not. - Says if they reduced the amount of raptors, they would make them tankier and probably take the same amount of auto attacks. - Says the jungle pet made it less miserable because you used to need to auto small raptors 2 times each - Says it probably doesn't matter how many there are, and it really just matters how strong the pet is against the little monsters. - Says they could probably just tune specifically how much the jungle pet does to each camp. - Says he doesn't really feel strongly about this and wouldn't mind if someone came with a pitch of adding a raptor because it looks cool - Says he thinks it isn't the right question. The question should be ""Do single target junglers have sufficiently satisfying clears"" - Says the amount of monsters in the jungle camp has little to do with the jungle clear anymore - Says he acknowledges it feels bad to have to auto all the little monsters as a Warwick or Trundle, but you quickly outlevel the problem so it's only a really 1st or 2nd clear problem. [46:31](https://youtu.be/lEB3YoAGQo8?si=JN8nR5KwKqmEFi3S&t=2791) Epic item with HP and AS - Repeated topic of improving the Dusk and Dawn build path. His prior exploration of an AP + AS epic item didn't go well - Says he doesn't think highly of their attack speed epic items and has said so in past Q&A's - Says he doesn't have any strong opinions on HP + AS as a component, he would have to take a look at what items it fits into - Says AS epic items just need to be looked at overall and points to Zeal items that just have weird build paths. - Says they need a bigger component attack speed item but doesn't know what direction that means (Bigger Zeal, bigger Recurve bow etc) [50:08](https://youtu.be/lEB3YoAGQo8?si=NP26Rj89bXhAVF4r&t=3008) Return of Will of the Ancients (With or without aura) - Says it comes up occasionally, and he thinks people bring it up with rose tinted glasses - Says that back then, there just weren't that many AP items that made sense to build in early slots - Points to the example given of WOTA Kennen where they just didn't have an item he wanted to buy. - Points to old Mordekaiser who had such high health costs that he just NEEDED to buy spell vamp. - Says he can't see a place this item fits into the current system because there are many more first item AP items that most champs would want better. - Says spell vamp was a battle mage stat in the same way Lifesteal is a ranged marksman stat (Draven being the best user of lifesteal) - Says ranged champs are the best users of vamp stats which is why he added a ranged modifier to Riftmaker's omnivamp - Says he found during the season 16 items was that the functional battlemage item he was exploring just didn't actually have a place because there are already a ton of battlemage items already. - Says a battlemage shaped spell vamp item can't be said to not be made, but it just isn't a priority because battlemages have plenty of items in the current day - Jokes that maybe the battlemage item he dropped would have been better than Actualizer in the end. - Says that if people want to hear him talk more indepth about item aura's, let him know and he can go more in depth - He says he isn't that big of a fan of passive aura items. - There is a specific player type that likes the items, but they have to be really powerful for players to actually buy them, and at that point, the players that don't like them feel forced to buy them. - TLDR: battlemages already have plenty of items that compete for their attention so he feels their efforts are better spent elsewhere. [58:43](https://youtu.be/lEB3YoAGQo8?si=a198xoX83wbRBTM5&t=3523) How do you decide which dashes are allowed to go over walls and which are not allowed to? - Disclaimer: Endstep says August is the best person to ask this question - Says August had done a lot of experimentation with the champions team over dashes going over walls and what it means - Generally, high frequency/low cost dahses aren't allowed to go over walls (Vayne Q, Ambessa passive) - Comparatively, Jarvan EQ is a high cost of 2 spells to dash. - Says Kled E1 isn't allowed to go over walls probably because he is manaless - Kled E2 is allowed because it is only allowed to go to a unit. - Says targeted and restricted dashes are usually allowed to go over walls - Gives Wukong as an example where his W wasn't allowed to go over walls because it wasn't high cost at the time because they thought it didn't have much cost in his kit. - Says they changed their mind because Top Wukong was more powerful so they added it, although they might have a different opinion where Jungle Wukong has caused a lot of nerfs to Top Wukong because of W going over walls - Says if they were diligent, Aatrox E would not have been allowed to go over walls. - (My note. I wonder if this would apply to Nidalee in modern days) - Says Ambessa passive was deeply contentious in development over whether she could go over walls, and they decided it was better for consistency that NONE of her dashes could go over walls - Says Kalista can jump over a lot of walls, but they require a lot of specific setups and she also doesn't really want to just be fist fighting in the jungle. - A lot of it comes down to whether they pay an appropriate cost and whether they want to allow them to be part of their patterns",62,0.86,25,2026-06-21 00:04,https://reddit.com/r/leagueoflegends/comments/1ubbgdu/riot_endstep_discord_qa_28_kisscurse_effects/,
32,1uc2q6e,hot,Educational,Smite Training Game - Feedback welcome,"Hi everyone. I've created a free browser game which lets you practice your Jungle Smite skills. Thought this would be the best place to let people try it. You can try and smite all the objectives one at a time in classic more or try and smite all 10 in a row in the campagn. Super simple game, just Smite the objective before the enemy jungle.. You know how this works Might post link in the comments if anyone is interested. https://preview.redd.it/bl48asgrlp8h1.png?width=2058&format=png&auto=webp&s=e18c44836a078811edac87a68de1fdc6c9bd69e4",1,0.54,5,2026-06-21 22:08,https://reddit.com/r/leagueoflegends/comments/1uc2q6e/smite_training_game_feedback_welcome/,
33,1uay04t,hot,Discussion,why did sylas get buffed recently?,"he was in a fine spot, you got rewarded for snowballing and playing well, now hes just overtuned and you can almost just slobber on the keyboard and win",272,0.83,172,2026-06-20 14:28,https://reddit.com/r/leagueoflegends/comments/1uay04t/why_did_sylas_get_buffed_recently/,
34,1uauneq,hot,Discussion,Is T1 hosting all these teams for MSI?,"Ive just come across videos of G2, KC, Caedrel in the scrimming (or streaming). Why are there so many of them there? &#x200B; I know BFX is hosting another team also. Just curious why T1 is hosting more than 1. Thank you!",430,0.89,90,2026-06-20 11:49,https://reddit.com/r/leagueoflegends/comments/1uauneq/is_t1_hosting_all_these_teams_for_msi/,
35,1ub56yt,hot,Discussion,Who are you supposed to run Time Warp Tonic on??,Anyone??? Anyone???? Or is this rune merely a figment of our imagination. or is there a reason riot hasnt touched this rune,102,0.91,26,2026-06-20 19:26,https://reddit.com/r/leagueoflegends/comments/1ub56yt/who_are_you_supposed_to_run_time_warp_tonic_on/,
36,1uc8jj1,hot,Discussion,Elo inflation problem?,What is going on this season? I had a teammate who had a huge ego saying he was peak masters so after the game i go to look at my teammates [op.gg](http://op.gg) it says they peaked masters this season but now E1. But it isnt just him. I am seeing TONS of peak masters this season then demoted to E1 in like a month. And its confusing because previously they are all consistently emeralds in the past season. did their mmr just suddenly shoot up? How am i seeing so many plat/emeralds suddenly peak masters and now hardstuck E1 this season and within a month.,0,0.36,11,2026-06-22 02:40,https://reddit.com/r/leagueoflegends/comments/1uc8jj1/elo_inflation_problem/,
37,1ub3zsi,hot,Gameplay,The Sequel: Standard Poppy Support,"If anyone's interested: I've made a video of support Poppy with a similar build before, the post is here: [https://www.reddit.com/r/LeagueOfMemes/s/P4G6fqOyyO](https://www.reddit.com/r/LeagueOfMemes/s/P4G6fqOyyO)",114,0.83,22,2026-06-20 18:37,https://reddit.com/r/leagueoflegends/comments/1ub3zsi/the_sequel_standard_poppy_support/,
38,1ub5xz0,hot,Esports,"ENC Qualifiers - Asia, Europe and MEA Day 2 Top 4","So the Top 4 (6 in Mea) for every Qualifier but the Americas are now decided. Two teams in each qualifier will make it to the main event meaning the winner of the Upper Bracket Final in Each is Qualified. Tomorrow we will start the BO3s for this. **ASIA** **Upper Bracket Hong Kong vs Japan** No surprisesd in Asia we have Hong Kong with YSKM, Holo, Pretender, 1xn and Kaiwing vs Japan with Momo, HRK, Enapon, MayR and Kurahuto. Hong Kong is the big favorite for this and had no issues with Sri Lanka while Japan beat both Mongolia and India but having big issues vs Mongolia ina 36 Minute Slugfest win. **Lower Bracket Bangladesh vs Mongolia** Both teams here getting knocked in the lower bracket early, Bangladesh with RTO, Safin, Zaiyan, Ratul and Ishayat lost to Sri Lanka in Round 1 before beating India in the lower bracket round 2 (with a bye in Round 1) Mongolia meanwhile had a rough draw of Japan in Round 1 where they showed a good game and narrowly lost. They roster of Yukme69, Yuuji (yes the TL one), EQon, River and 202 backed up their performance and beat both Pakistan and Sri Lanka in the lower bracket. **SEA and Oceania** **Upper Bracket New Zealand vs Singapore** New Zealand (Chippys, Lost, Raes, Shok and Whynot) beat Brunei, Australia and Phillipines while Singapore (Dust, Blueprint, NekoDesu, Blaze and Yril) beat Indonesia and Thailand. **Lower Bracket Phillipines vs Australia** Phillipines (Argona, Cresho, Dawn, Devoured, Relhia) beat Guam, then lost to New Zealand before beating Malaysia. Meanwhile Australia (Kisee, Poltron, Realer, Styled, willem) as #1 Seed lost to New Zealand in Round 1 then came back vs Guam and Thailand to make it to the lower Semis. **Europe East** **Upper Bracket Lithuania vs Hungary** Coming to the regions with more teams we have Europe East a contested region with Lithuania and Hungary getting through. Lithuania (Eckas, Lyncas, Toffe, Yashiro, Parein) beat Kosovo, Ukraine and Romania while Hungary ( Vizicsacsi, bluerzor, Robenong,Endless and Passzi) beat Israel, Montenegro and Croatia. **Lower Bracket Serbia vs Romania** Serbia (App Strefan, VeRu, Shy Carry and Panj) beat Estonia before falling to the lower bracket vs Romania. So this is gonna be a rematch that they achieved by beating Bulgaria, Ukraine and Croatia (with Perkz and Jopa). Romania (Shelfmade, Frost, Ronaldo, Yakkey, whiteinn) meanwhile beat both Latvia and Serbia before falling to Lithuania where they had to beat North Macedonia. **Europe West** **Upper Bracket Germany vs Netherlands** The big favorite here is Germany (Irrelevant, Habubu, Reeker, Keduii, Tockimo/Lillipp) who after defeating Liders Norway had another dominant win vs Bwipo, Nisqy and Belgium. But the Netherlands (Dan Dan, Markoon, Febiven, Furuy, Seal) are not to be underestimated having plenty of experience in their roster which they showed by demolishing Cyprus, beating Switzerland and then Italy (although they almost threw that). **Lower Bracket Belgium vs Portugal** Belgium (Zorac, Bwipo, Nisqy, Evangelyne, Targamas) beat Malta and Portugal before falling into the lower bracket vs Germany. A win vs Switzerland got them to the Lower Bracket Semifinal. Meanwhile Portugal (PapiTeero, Time, Baca, Flicker, Obstinatus) hope for a rematch in a BO3 first beating Iceland before falling to belgium in the lower where they battled through Austria, Finland and Italy to get where they are. **Africa and Middle East** **Upper Bracket Tunisia vs Algeria** Tunisia (Chakroun, Dean, Koussay3, Xicor and Insane) have been playing pretty well beating Oman, Madagascar, Lebanon and Saudi Arabia. The big favorites however are Algeria (Potent, Kobs, Kamiloo, Rin, Aymen) who have been beating Iraq, Cameroon, Georgia and Morocco. **Lower Bracket Morocco vs Lebanon and Saudi Arabia vs Georgia** Only Top 6 decided here with two more B01 to play we have Georgia that have been playing well vs Saudi Arabia aswell as Morocco vs Lebanon. Thoughts on whos gonna advance and the games today. I kind of hope Mongolia could upset Japan and I think Germany, Algeria, Hong Kong and New Zealand looked a step above the rest in their games so far. Meanwhile in Europe East I could see all 4 Teams making it tbh.",86,0.9,13,2026-06-20 19:57,https://reddit.com/r/leagueoflegends/comments/1ub5xz0/enc_qualifiers_asia_europe_and_mea_day_2_top_4/,
39,1ubyvr4,hot,Gameplay,Soy nuevo jugador de LoL Necesito ayuda xd,"Buenas, Reddit. Soy un jugador nuevo de LoL y necesito su ayuda para aprender más sobre mi rol. Llevo aproximadamente 2 meses jugando y el rol que más me llamó la atención fue la jungla. El campeón que más me gusta es Briar. Me gustaría recibir consejos sobre dónde debería empezar mis rutas de jungla, cuándo es buen momento para gankear, cómo tomar mejores decisiones durante la partida y cualquier otro consejo que consideren importante para alguien que está aprendiendo. También agradecería ayuda con las builds y las runas, así como recomendaciones sobre qué objetos comprar dependiendo de los campeones enemigos a los que me enfrente. Por último, me gustaría entender mejor algunos términos y palabras clave que se usan en el juego, como AD, AP, CC, DPS, entre otros. ¡Muchas gracias por su ayuda!",2,0.6,2,2026-06-21 19:28,https://reddit.com/r/leagueoflegends/comments/1ubyvr4/soy_nuevo_jugador_de_lol_necesito_ayuda_xd/,
40,1ub5wqf,hot,Gameplay,craziest neeko clash clutch (wasn't the 4man ult),"was watching an LCK game recently and one of the casters called out that neeko can't be seen as a minion on the minimap, and thankfully remembered that in this game.",60,0.87,1,2026-06-20 19:56,https://reddit.com/r/leagueoflegends/comments/1ub5wqf/craziest_neeko_clash_clutch_wasnt_the_4man_ult/,
41,1ub5mk9,hot,Discussion,Does the role quest system contribute to the rise in popularity of marksmen/mage top?,"Since lane swapping is effectively dead with the role quests, it makes it easy for a bully champion to lock themselves into a favorable lane matchup for the early game. &#x200B; &#x200B; Not saying anything does or doesn't need to be adjusted there, I just haven't noticed any discussion about the two being related and wondered what other people think.",56,0.88,40,2026-06-20 19:44,https://reddit.com/r/leagueoflegends/comments/1ub5mk9/does_the_role_quest_system_contribute_to_the_rise/,
42,1uc19pt,hot,Discussion,Masters+ Duo Queue,Recently hit masters and I was wondering if duo is currently disbaled in apex tiers? I tried to play with a friend and it wouldn't let me.,0,0.25,1,2026-06-21 21:06,https://reddit.com/r/leagueoflegends/comments/1uc19pt/masters_duo_queue/,
43,1ubv161,hot,Discussion,How do i get better at camera control?,"Hey hey! so basically i decided to switch over from wild rift to pc league, and as you can imagine im REALLY bad at the game on pc ESPECIALLY on camera control. So i was wondering if any of you can give me some tips and tricks on getting better at camera control. Im starting to get a good grip on the other mechanics of the game but im still quite bad so uh, if yall have any tips on those aswell it would really help out!",0,0.33,12,2026-06-21 16:55,https://reddit.com/r/leagueoflegends/comments/1ubv161/how_do_i_get_better_at_camera_control/,
44,1ubpf4w,hot,Discussion,Hit plat now feel flat,"Just today I reached my ranked goal of Platinum in the Adc role but feel flat about my why, my reason for playing and continuing further? I just wanted to be good at something but I feel like I’ve proved that to myself, now it feels like I have to make up a new why? What’s your guys reasons for continuing and pushing on? If I got to emerald that would be cool but not life changing, diamond I might be able to brag to my mates and they might tell their mates and their mates might be like cool… I love the game for all the reasons why one would like it but it does seem like an endless loop with not much feedback besides reaffirming that I’m good at the game, what’s beyond that wall? Sorry if my writing is bad, first reddit post! What’s your why?",3,0.55,39,2026-06-21 12:58,https://reddit.com/r/leagueoflegends/comments/1ubpf4w/hit_plat_now_feel_flat/,
45,1uatid3,hot,Discussion,"I reached, for the first time ever in 13 years playing, Master in solo duo","https://preview.redd.it/mb3ra6mq2f8h1.png?width=478&format=png&auto=webp&s=da0c05e4d57d27a3c4ddd044da60cfbd22423cc8 I wanted to share this accomplishment of mine. Many times I found myself hating the game, and then getting back to it for friends, to build a team, or to really push my skills further. All I want to say is... thank you League of Legends. What a wild ride it's been. For context, this is a second account where I decided to play midlane specifically and learn how to lane. My main account, where I played all these years, would be this one: [https://op.gg/it/lol/summoners/euw/J%20Sinon-PKM10](https://op.gg/it/lol/summoners/euw/J%20Sinon-PKM10)",232,0.87,58,2026-06-20 10:46,https://reddit.com/r/leagueoflegends/comments/1uatid3/i_reached_for_the_first_time_ever_in_13_years/,
46,1ubcw6y,hot,Discussion,We need a command that mutes chat and announces that we still see pings,"This would convey to the team that the player is still listening to pings, so the only way to communicate to them is through pings and not wasting time typing in chat. It's kind of weird that this option doesn't exist when /deafen and /muteself exist, so the only way to achieve this is to manually tell your team that you're turning off chat and leaving pings on.",16,0.72,10,2026-06-21 01:15,https://reddit.com/r/leagueoflegends/comments/1ubcw6y/we_need_a_command_that_mutes_chat_and_announces/,
47,1uc4uky,hot,Discussion,Is it viable to play as a team of 5 tanks?,"Just a fun little question, because I’ve always wondered - If you had 5 players that know what they’re doing, would it theoretically be possible to play as 5 tanks and just run down turrets while being un-killable? Or (more likely) is this a completely dumb strategy that should be disregarded?",0,0.44,28,2026-06-21 23:44,https://reddit.com/r/leagueoflegends/comments/1uc4uky/is_it_viable_to_play_as_a_team_of_5_tanks/,
48,1ub3bxq,hot,Discussion,Not beeing able to ff in arena when you have an afk should be fixed,"In Arena, if you have a guys beeing afk since start of the game, you cant ff. Even if your other teammates pressed yes, you cant ff with only two votes. That is just not fun and has been a problem since forever. There is no excuse to not fix that. The afk person was NOT moving and not using any ability or attacking anything whole match, so this is an easy indicator If someone is afk. We where locked in the match for 13minutes (we lost every single match). The player who was afk also didnt get noticed by the system (I think) because there was no visual context like in 5v5 when someone went afk. But I wonder why this is still not fixed yet.",45,0.83,16,2026-06-20 18:10,https://reddit.com/r/leagueoflegends/comments/1ub3bxq/not_beeing_able_to_ff_in_arena_when_you_have_an/,
49,1ubl6ia,hot,Educational,[FIX] Valorant -81/ League of legends VAN 57,"I Spent close to three weeks on and off fighting VAN 57 / VAN -81 on League and Valorant. Full reinstalls, BIOS settings, registry edits, the works. Finally fixed it, and the actual root cause on my machine wasn't anything the usual guides mention, so here's the writeup in case it saves someone else the nights I lost to it. Do the standard stuff first. Most people get unstuck here and never need the second part. **Standard fix:** Close everything Riot-related first — Riot Client, League Client, Vanguard tray icon. Check Task Manager too, not just what's visible on screen, since stuff likes to hang around in the background. Flush DNS and renew your IP (admin Command Prompt): ipconfig /flushdns ipconfig /release ipconfig /renew Delete this file: C:\Windows\vgkbootstatus.dat It tracks Vanguard's last boot state, and it can get stuck in a bad state without any obvious symptom besides ""Vanguard just won't load."" Uninstall Riot Vanguard entirely, then reboot. Open Riot Client, launch the game, let it reinstall Vanguard. Here's the part that got me for way longer than it should have: when it finishes, Riot Client tells you you're good to press Play. Don't. If you do, it just reinstalls Vanguard again, tells you you're good again, and you're stuck in that loop forever. Vanguard's driver needs an actual boot cycle to load, and Riot Client's restart check doesn't always catch that — it just tells you no restart is needed even when it should be. So: reboot manually, even though it doesn't ask you to. Then launch. This fixes it for most people. **If you're still stuck — check this:** Open PowerShell as admin: sc.exe query vgk sc.exe query vgc If `vgc` shows up fine but `vgk` comes back with ""the specified service does not exist as an installed service"" — the actual kernel driver never got registered, even though the installer reported success. This is what was happening to me across three full reinstalls, and I never saw anyone else mention it, so I'm guessing it's not common, but it's also not nothing. First, check the file's actually there: Test-Path ""C:\Program Files\Riot Vanguard\vgk.sys"" If that's `True`, the file exists, it's just never been registered as a service. Register it: sc.exe create vgk type= kernel binPath= ""C:\Program Files\Riot Vanguard\vgk.sys"" Then — and this was the actual fix, the part above just gets you running, this is what makes it stick — open `regedit` and go to: HKEY_LOCAL_MACHINE\SYSTEM\CurrentControlSet\Services\vgk Find `Start`. If it's `3`, change it to `1`. 3 is demand-start, meaning the driver only loads when something asks for it. Vanguard needs to load during boot, before anything else runs, since that's the entire point of it being trustworthy as anti-cheat. With it stuck on demand-start, vgc connects fine and even logs in, then Vanguard's own integrity check kicks it out anyway — because the driver loaded the wrong way, not because anything's actually broken. Also the values for 'ErrorControl' is 0 and 'Type' is 1. Reboot. Run `sc.exe query vgk` again — should say `RUNNING` now. Launch the game. I'm not 100% sure why vgk ends up missing or stuck on the wrong start type in the first place. My best guess from digging through Riot Client logs is that when the installer gets interrupted partway — bad update, AV interference, whatever — it can leave vgc registered fine but botch vgk, either skipping it entirely or registering it with the wrong startup value. Riot Client also seems to have a real bug where its restart-check just defaults to ""no restart needed"" when the check itself fails and that happens once you delete the file at C:\\Windows\\vgkbootstatus.dat, instead of erring on the side of caution. That's the actual source of the reinstall loop everyone hits. If none of this gets you unstuck then maybe its time to consider having an actual life or reinstalling your Windows, whichever feels more easy for you. Special thanks to: Claude for drafting this msg using my knowledge since English is not my first language and I wanted to help. My friend who helped me figure this out after considering to stop playing the game altogether. Riot support for absolutely NOTHING. PS: This also works for League of legends error code VAN 57",3,0.64,1,2026-06-21 08:58,https://reddit.com/r/leagueoflegends/comments/1ubl6ia/fix_valorant_81_league_of_legends_van_57/,
50,1ubtza1,new,Discussion,Why everyone hate mel?,"I don't suffer much when the enemy team has Mel, and I usually don't have problems when a teammate picks Mel either. She has never felt overly frustrating to play against in my experience, so I'm curious why so many players seem to dislike her. What are the main reasons people hate playing with or against Mel?",0,0.16,36,2026-06-21 16:12,https://reddit.com/r/leagueoflegends/comments/1ubtza1/why_everyone_hate_mel/,
51,1ubpx6s,new,Discussion,This Game Has Been Homogenized For The Worse.,"When I started playing League, there was a tremendous amount of variety in the game. For example, couldn’t select your role. This meant you had to be able to flex into different roles, or in low elo you might even end up with a duo both top and bot (nobody wanted jg back then). You had 2 minutes to invade, make plays as a team before minions spawned. Dragons took longer to spawn and were just a mediocre gold reward, not some clockwork objective with soul baked into it so you can back an orchestrated team fight every 5 min. Games in general didn’t play out the same boring script every single time (head right to lane, farm til drake, team fight) Not to mention it felt like farming actually mattered more back then. As opposed to now a 40 cs lead on some champs feels like nothing. I’m sure some people like this scripted game more than the oldschool style, but I’m so tired of the same orchestrated game over and over again. Not to mention all the same type of changes they’ve made to the ladder (Aegis / LP system) it just seems like they’ve coddled everyone to the point the game is just the same every time you queue.",0,0.3,35,2026-06-21 13:20,https://reddit.com/r/leagueoflegends/comments/1ubpx6s/this_game_has_been_homogenized_for_the_worse/,
52,1ublhyz,new,Discussion,Lobby termination needs to be better,I've had two lobbies this week where someone was blatantly attempting to troll the match. Talking in the lobby chat that they would but because they didn't spam talk in the chat the lobby didn't terminate and I had to dodge.,0,0.31,9,2026-06-21 09:18,https://reddit.com/r/leagueoflegends/comments/1ublhyz/lobby_termination_needs_to_be_better/,
53,1ubl305,new,Discussion,"Why is ksante considered ""pro jailed""","Let's look at his abilities, Q:short range straight forward, the stacking mechanic isn't anything new , the q3 is a hard to hit skillshot , but that doesn't make him ""pro jailed"" W:you're stuck in place ok , but you hain unstoppable and it's a pretty straight forward slash dash , maybe a little bit confusing and maybe there is but of difficulty in hitting it but nothing crazy E:the most straight forward ability, you dash gain a shield and the dash is bigger if its to an ally R: confusing? , sure but it can really be simplified into become a damage dealer instead of a tank with some added bonuses Spacing is an issue but spacing is an issue in a lot of champions so that isn't the thing that makes him ""pro jailed"" The fact that he's a tank means that mistakes will be less punished because you're a tank Now sure he has 2 dashes which isn't really new player friendly material but still , nothing I've seen so far makes him pro jailed So why is he considered ""pro jailed""",0,0.2,18,2026-06-21 08:52,https://reddit.com/r/leagueoflegends/comments/1ubl305/why_is_ksante_considered_pro_jailed/,
54,1ubkhfc,new,Discussion,How to climb out of elo hell? (bronze to silver),"A while ago a used to solo queue ranked alot and the max I got was silver 1 (97 lp), then i got 11 game straight loose streak which put me in bronze 1 and I quit playing for a while. Now I started to play again I got put into bronze 1 after the placement matches, then a 9 game straight loose streak greeted me. Any suggestions on champs i should play or what lanes to pick? (I usually play mid and bot.)",0,0.11,18,2026-06-21 08:15,https://reddit.com/r/leagueoflegends/comments/1ubkhfc/how_to_climb_out_of_elo_hell_bronze_to_silver/,
55,1ubk34v,new,Discussion,"I wish there was a world where there was no Anti heal, so i could heals tons like this always","Like i get that it's toxic to heal this much, but every game is always ignite, or if you get a single kill that's 5 people buying anti heal. I just wish anti heal was restricted to ignite, so healing would feel better on olaf.",0,0.06,7,2026-06-21 07:51,https://reddit.com/r/leagueoflegends/comments/1ubk34v/i_wish_there_was_a_world_where_there_was_no_anti/,
56,1ubiuif,new,Discussion,Oh my god FINALLY! DAMMMNNN I ranked up!,"Platinum :(((( https://preview.redd.it/7bdspl88zk8h1.png?width=1266&format=png&auto=webp&s=ecec482e467a2946324feaa3be193d1b14c19307 I know it's a rank that isn't actually high elo, but my god, how BAD I've been at this game has no name. Finally climbing to something that isn't silver or gold... I know I'm still just as bad, but my god, I'm not playing anymore this season, I'm calling it a day.",0,0.31,4,2026-06-21 06:37,https://reddit.com/r/leagueoflegends/comments/1ubiuif/oh_my_god_finally_dammmnnn_i_ranked_up/,
57,1ubih2y,new,Gameplay,HUD Animation Help,"Does anyone know if there's a way to remove the animation where your ability upgrade icons pop up from left to right? The delay between Q and E popping up keeps making me not upgrade my ult out of habit and it's annoying. I can't find it in any of the settings, only health bar animations. Sorry if this is the wrong place for this; I don't use Reddit much.",0,0.29,11,2026-06-21 06:15,https://reddit.com/r/leagueoflegends/comments/1ubih2y/hud_animation_help/,
58,1ubfksg,new,Discussion,old frames?,I logged into the game today and everyone had their old frames for their pfp (except for one of my friends). Did anyone else experience this bug? https://preview.redd.it/gfeohzlx2k8h1.png?width=1039&format=png&auto=webp&s=a2cf2bfda8bddc3ddb0e7c77a3a547e348059294,0,0.44,1,2026-06-21 03:34,https://reddit.com/r/leagueoflegends/comments/1ubfksg/old_frames/,
59,1ubfcb6,new,Discussion,ARAM Clash?,"Why are there so many ARAM clashes? Was there a demand for these over rift? Rift is already more popular than aram and i cant imagine the desire for competitive aram is that high. My friends and I are all excited for clash and as we lock in we realize its ARAM. In my opinion I think clash shpuld be for 5v5 competitive rift but its way too common for aram, I wouldn't mind the occasional but it feels like every other clash is aram. Just bummed when the only alternative for 5v5 rift for a competitive environment until the new mode is flex q which is just a meme.",0,0.39,9,2026-06-21 03:22,https://reddit.com/r/leagueoflegends/comments/1ubfcb6/aram_clash/,
60,1ubdc71,new,Discussion,How does league determine match termination?,"I just had a game where my chogath went 0/14/0 at one point until the very end where they got 2 assists and I want to figure out what determines a match termination and how is this not terminated. https://preview.redd.it/r25exwj8ij8h1.png?width=1502&format=png&auto=webp&s=958dc42ec4d1d1d188b6acde9bb7d6f24ffd03ad This is around d3 elo. I was 2/0 in lane until my botlane and toplane wet the bed. Chogath died around 4x by the 5 minute mark if I'm not wrong, and as ahri I just barely hit 6. But besides the point how is this even legal?",0,0.41,14,2026-06-21 01:38,https://reddit.com/r/leagueoflegends/comments/1ubdc71/how_does_league_determine_match_termination/,
61,1ubdb20,new,Educational,ADC may be the easiest role this season,"I peaked platinum 1 as a jungle main with years of experience playing shaco and various junglers. I have some sort of mastery on most champs in each role. Recently I transitioned to support and stayed p1 one game off emerald until I went on a hard descent from playing solo, some times not playing well, Often times being highest or second highest damage player on the team. I dropped to Gold 1 50 LP from this following a descent to plat 4 0 lp then internet issues causing a remake to make me lose 50 lp and go to gold 1 50 lp. After this I noticed the game was heavily decided on adc as long as you dont ff. I just went on a 13 game winstreak running cait, senna, seraphine adc. I’ve barey played adc before but understand the macro game and lane state from jungle/support perspective. This has gone to make me believe that adc is the easiest role in the game. I have consistently hard climbed with shaco jgl when i take the game seriously with a 80-90% wr thru plat. Then i get bored of the same shaco jgl gameplay. Believe I never bit my true peak on this role/champ However I pretty much hit my actual peak playing champs I have very limited mastery on just from playing the adc role. If you want to hard climb thru plat, learn adc, lane states, and macro. Make the right plays, don’t ff. You’ll surprise yourself. Perhaps I am smurfing from jgl perspective without actually hitting my true peak, but it has never felt easier to win as an adc in this patch if you select champs/comp correctly. I’m not perfect at it, some games I notice I should have done a different champ, but comp and safe play seriously makes a giant difference. Poileys #1218 on opgg if you wanna fact check this.",0,0.32,23,2026-06-21 01:36,https://reddit.com/r/leagueoflegends/comments/1ubdb20/adc_may_be_the_easiest_role_this_season/,
62,1ubbqvw,new,Discussion,Mid streamers,"I know this role is dog shit and all and the quest needs a change but beside nemesis name one midlane streamer who consistently streams, every time i browse twitch its like 50 percent jg, 20 percent top, 20 percent adc, with how diverse the champion pool can be why is it that no one wants t o stream mid, maybe im watching at the wrong time but still...",0,0.14,14,2026-06-21 00:18,https://reddit.com/r/leagueoflegends/comments/1ubbqvw/mid_streamers/,
63,1ubaj6n,new,Discussion,Does Riot want the Elo inflation?,"A month ago, they reset master+, because everyones elo inflated, but they do not remove the reason for absurd lp gains? So what was the point? Is the easy fix not to remove the double lp/no lp loss they added at the start of the game? I'd rather have Master be top 0.1% again and im sure other ORIGINAL Master players agree.",0,0.46,18,2026-06-20 23:20,https://reddit.com/r/leagueoflegends/comments/1ubaj6n/does_riot_want_the_elo_inflation/,
64,1ub8vzc,new,Discussion,Question about the honor système,"Hi, I have a quick question about the honor system. &#x200B; I had a terrible game—I was at 0/10/15 (I'm a new player). &#x200B; And I dropped from Honor 5 to Honor 4. What I don't understand is how I dropped, even though in some games I get the same scores and don't lose any honor?",0,0.38,26,2026-06-20 22:05,https://reddit.com/r/leagueoflegends/comments/1ub8vzc/question_about_the_honor_système/,
65,1ub8ny8,new,Discussion,Why is match quality on weekends noticeably worse?,"Match quality in any game is going to be worse on weekends. More people playing = more variance, but I really do feel like this is especially bad with League. Not just from a skill disparity standpoint, but from a noticeable difference in mental. The amount of flame, throwing, and overall toxic behavior on Saturday and Sunday is 10x what I experience during the entirety of the work week. I don’t understand. It’s like they wait all week to play league and then hate it the entire time and take their poor experience out on their team. It’s upsetting because I love this game and obviously want to play it when I’m the most free, but it’s getting hard to justify it. To an extent I don’t even care about the skill disparity. I’d rather lose and have a fun game and a few laughs with randoms, than deal with this finger pointing circus of inters where I have to mute all 1/3 games. I don’t know what the solution is, or if there’s even one at all, but for the time being I think I’m just done with this game on weekends unless I’m playing in a 5 stack. Has anybody else noticed this / feel a similar way?",0,0.41,46,2026-06-20 21:55,https://reddit.com/r/leagueoflegends/comments/1ub8ny8/why_is_match_quality_on_weekends_noticeably_worse/,
66,1ub8blg,new,Esports,G2 vs BLG is evenly matched except top lane,"unironically, i think the BLG matchup is mostly playable for G2 on paper. skewmond is skilled enough to match xun. caps demolished knight in first stand finals and has shown he can go toe to toe with the very best midlaners. blg's bot probably has a higher ceiling, but they are more inconsistent and has even been a liability at times. the only glaring issue is toplane. at first stand, bin would get massive individual gold leads that made the game insanely difficult. like i genuinely think if g2 and blg swapped top laners, g2 wouldve won the tournament. and i dont think bb will drastically improve this late into his career. so toplane will always be a massive hole against the very best toplaners. but despite their record, i think these specific rosters are pretty evenly matched except top lane. maybe if bin underperforms or we get a weakside top meta, g2 have a shot this msi.",0,0.14,27,2026-06-20 21:40,https://reddit.com/r/leagueoflegends/comments/1ub8blg/g2_vs_blg_is_evenly_matched_except_top_lane/,
67,1ub8a1x,new,Discussion,Remake needs 3 votes to pass.,It's become an annoying occurrence where a remake vote is put up and the player deemed afk returns a few seconds later. Then two votes vote for remake and three people vote against. Why does the minority get precedence in this case if the majority want to keep the game going??,0,0.14,29,2026-06-20 21:38,https://reddit.com/r/leagueoflegends/comments/1ub8a1x/remake_needs_3_votes_to_pass/,
68,1ub717k,new,Discussion,As a new player how do I get better?,"I've been playing for almost a week and have decided to main Jinx but currently have like won 1 game and lost 10, Idk what to do, Like I know the basics and how to play as jinx, how to lane how to rotate and kite and how to build and all of that, but when it comes to executing it especially in team fights I get overwhelmed and lose track of my character, sometimes just ruining my positioning etc, tips?",0,0.5,18,2026-06-20 20:44,https://reddit.com/r/leagueoflegends/comments/1ub717k/as_a_new_player_how_do_i_get_better/,
69,1ub6w7r,new,Discussion,"Is there a way to keep regular Clash notifications, but mute ARAM Clash notifications?",It causes me emotional distress to log in and be reminded that we lost a month of regular clash for this dogshit mode. Thank you for your attention to this matter.,0,0.28,4,2026-06-20 20:38,https://reddit.com/r/leagueoflegends/comments/1ub6w7r/is_there_a_way_to_keep_regular_clash/,
70,1ub6jic,new,Discussion,"""that Drip"" challange","HI, i wanted to know if anyone could tell me how the challange ""that Drip"" works. The wording istn really clear to me because it just says ""collect many skins for a single champion. My progress is 13 out of 15 but i do not own 15 skins for a single champ. i also could not find another metric that makes sense with my colleciton. neither a certain % of skins for a champ (i have 8 champs with more then 50% of their skins owned and 12 with at least 50%) nor a threshhold /i have 7 champions with 7 or more skins, 10 with 6 or more and 17 with 5 or more skins) and come out to 13 for me. Id love to know how the 13 i have in my progress is counted. Thanks for any ideas",0,0.27,2,2026-06-20 20:23,https://reddit.com/r/leagueoflegends/comments/1ub6jic/that_drip_challange/,
71,1ub5l0e,new,Discussion,"123 Hubris stacks, world record? (Ranked)","[123 Hubris stacks, world record? \(Ranked\) ](https://preview.redd.it/936qjxnfqh8h1.png?width=1920&format=png&auto=webp&s=87ef5f29ba59249781ac314eee3f52fd40a67155) I've never seen such a stacked hubris, do you think it's the world record?",0,0.25,2,2026-06-20 19:43,https://reddit.com/r/leagueoflegends/comments/1ub5l0e/123_hubris_stacks_world_record_ranked/,
72,1ub4nl5,new,Discussion,"I am an Ambessa main with 61% winrate. But I cannot find the right conter for her, no matter what.","I always Permaban Darius. If she gets picked by enemy, i simply cannot figure out, how i should play the game against her. Please suggest me a few champs and also how I should play it into Ambessa. Thanks.",0,0.3,40,2026-06-20 19:04,https://reddit.com/r/leagueoflegends/comments/1ub4nl5/i_am_an_ambessa_main_with_61_winrate_but_i_cannot/,
73,1ub4mbw,new,Discussion,why do bluetooth spells and autos exist?,bluetooth garen ult nautilus auto so it happens when they flash onto you and you flash right away but right before you flashed they started the animation so even if you flash spell still hits you. do you think it should be this way?,0,0.39,17,2026-06-20 19:03,https://reddit.com/r/leagueoflegends/comments/1ub4mbw/why_do_bluetooth_spells_and_autos_exist/,
74,1ub26rt,new,Discussion,The Clash UI is so bad.,"Clash is my favourite way to play, but why does Riot make it such an awful experience to try and organise? When you get invited to a team, if you try to view any profiles it just bugs out the client and you need to move out of clash and move back into the tab to get it working. Looking for players and teams is also so limiting - it's around 6 pages of the same teams or players (who may not even be online and ready with no way to check), and has no filters. It makes me miss the official forums - being able to write a short paragraph about what you are looking for and any preferences you have seems like such an obvious thing to include, which was such an easy process back then, I even met my best friend in season 2 through the competitive ranked 5s posts. I would say this all sounds like an easy fix, but with the client the way it is, fixing this may somehow create a bug with how Yorick Maiden works or something lmao.",0,0.5,0,2026-06-20 17:23,https://reddit.com/r/leagueoflegends/comments/1ub26rt/the_clash_ui_is_so_bad/,
75,1ub0402,new,Discussion,Best role to climb?,"Hi im g4 top main i play camille olaf, i was p4 but it went down and i feel like its impossible to climb the ladder as top lanner, what is currently tje best role to climb with if there is such a role.",0,0.35,18,2026-06-20 15:57,https://reddit.com/r/leagueoflegends/comments/1ub0402/best_role_to_climb/,
76,1uaz3ex,new,Discussion,Is there a way to zoom out further in the replay tool?,"I find the normal zoom too small for reviewing VODs, especially teamfights. I know in pro play their spectator tool allows them to zoom out further to get more of the action on the screen. Is this possible in regular replay tool as well?",2,0.75,2,2026-06-20 15:15,https://reddit.com/r/leagueoflegends/comments/1uaz3ex/is_there_a_way_to_zoom_out_further_in_the_replay/,
77,1uayrjx,new,Esports,"MSI 2026 Pick’Ems are live on RFT, make your predictions to earn many prizes","https://preview.redd.it/1ypycz5tbg8h1.png?width=1080&format=png&auto=webp&s=84d2207baa143b86335b941c2350753b8c73eb80 https://preview.redd.it/f3wj3lrtbg8h1.png?width=1080&format=png&auto=webp&s=540e1d6d59f1e776d097388f9e73ee2adbc7e845 Which player will be the highest KDA ? Which champion will be picked the most ? How many reverse Sweep ? Will KC really 3 - 0 T1 ? Try to win a Logitech setup, Fulllife Vouchers, League RP with all prizes available all the way from 1st to 63rd place ! Make your picks on RFTGG : [https://rft.gg/event/msi-2026/pickems](https://rft.gg/event/msi-2026/pickems)",0,0.44,16,2026-06-20 15:01,https://reddit.com/r/leagueoflegends/comments/1uayrjx/msi_2026_pickems_are_live_on_rft_make_your/,
78,1uay3tc,new,Discussion,Why is typing more of negative gameplay experience than feeding?,I legit can’t work it out. If someone is being perma toxic and flaming people but they are pulling their weight in game the only negative experience I have from that is until I bother to press mute which I can do any time I want. But if someone is 0-8 in 15 mins why am I expected to praise and baby them that it’s okay and they’ll do better next time? They have ruined my gameplay experience cause the enemy is now so far ahead a comeback unrealistic. Just because it’s unintentional should not excuse bad gameplay.,0,0.33,56,2026-06-20 14:33,https://reddit.com/r/leagueoflegends/comments/1uay3tc/why_is_typing_more_of_negative_gameplay/,
79,1uawl1i,new,Discussion,Rank placement,"I just came back to playing league of legends, is the rank it shows after playing your first 5 placement games the rank u will end up or can u get a higher rank after placements? My id is mater yoshi#EUNE",0,0.22,10,2026-06-20 13:25,https://reddit.com/r/leagueoflegends/comments/1uawl1i/rank_placement/,
80,1uavxcb,new,Discussion,"As I’m climbing up the ranks as a Seraphine mid one trick, feel free to speak with me about League and Seraphine!",https://op.gg/lol/summoners/na/Blue%20Comfort-NA1 Here is a link to my op.gg so anyone can look at my profile. Currently D2 and hoping to hit masters by the end of the week! I also play other champions than Seraphine in my roster.,0,0.35,10,2026-06-20 12:54,https://reddit.com/r/leagueoflegends/comments/1uavxcb/as_im_climbing_up_the_ranks_as_a_seraphine_mid/,
81,1uaunzf,new,Discussion,Swiftplay the mode to just mess around?,"I'm new in the game since I started like two months ago. I do enjoy the game. Most of the time, I'm on Draft and Ranked. But when I just want to do some quick matches, I go on Swiftplay. The problem I've been experiencing a lot recently is the amount of players soft-inting. There are a lot of examples, but what gets me is when they keep using the ""it's swiftplay"" line over and over to justify it. &#x200B; I'm sorry, but as a new player, am I missing some kind of culture of the community? Is that mode really to just mess around? &#x200B; I don't know if it's also because I'm in low elo. I'm in Silver 2. For those in high elo that sometimes do swiftplay, are you also facing these people inting? I'd like to also hear from those higher rank just so that I can finally get some context.",0,0.39,19,2026-06-20 11:50,https://reddit.com/r/leagueoflegends/comments/1uaunzf/swiftplay_the_mode_to_just_mess_around/,
82,1uatgvh,new,Discussion,MSI 2026 Caster Drinking Game,"Take a drink when CaptainFlowers does his famous 'rap god' play-by-play. Take a drink when Azael says the word ""Interesting"". He says it 24/7! BTW Take a drink when Sjokz flames/roasts someone. Take a drink when Drakos complains about a game being 'too slow' or 'boring' 'not enough kills' etc even when there'll be like 30 kills at 25 mins. Take a drink when Laure interviews a player or talks on the broadcast desk and you can't understand a word she says. Congratulations on the baby! Take a drink when Kobe does his 'humor laugh' at someone's joke or comment only to immediately go back to what he was saying before. Take a drink when Emily talks in a upspeak type of style. She and Kelsey Moser are known to **talk in a weird and kinda ? sorta way??** Take a drink when Jatt says ""Yeah"". Take a drink when you see Raz smiling.",0,0.3,3,2026-06-20 10:44,https://reddit.com/r/leagueoflegends/comments/1uatgvh/msi_2026_caster_drinking_game/,
83,1uass7c,new,Discussion,Can't play Draft despite meeting the requirements,"https://preview.redd.it/3xstibq8ve8h1.png?width=1912&format=png&auto=webp&s=74e5393655be7154210e6ceb995ac0005a12976d Translated message: ""Play 3 normal PvP games on summoner's rift to unlock this."" How am I supposed to unlock draft ? I have way more than 30 champs and just got level 10, what am I missing ? (Not to mention I already played swiftplay pvp, more than the required 3 games) UPDATE: After playing 3 swiftplays and restarting the client i finally unlocked it. Thanks to everyone who answered",7,0.77,9,2026-06-20 10:04,https://reddit.com/r/leagueoflegends/comments/1uass7c/cant_play_draft_despite_meeting_the_requirements/,
84,1uaso5m,new,Discussion,Gain/Loss LP ridiculious,"Hello everyone, &#x200B; I'm facing a difficult period in lol, I'm stuck betweet plat 1 and emerald 4 with 53% WR in 300 games but i have a bigger problem with my gain of LP. &#x200B; Yesturday I demoted plat 1 50LP but in few game I reached 82 lp so I was like ""one more win to promote"" so I played another and win but i didnt promote because I only won 16 lp. &#x200B; So I played an other one and I lose it then I lose 23 LP &#x200B; Why my gain are this way I don't say that I'm so better that people or else just how riot thinks I want to continue to play when besides a positiv WR there is this gap of lp when I win and when I lose? &#x200B; There is my op.gg link to have a better wiew on my profil : https://op.gg/fr/lol/summoners/euw/Yomb-BMS",0,0.36,14,2026-06-20 09:57,https://reddit.com/r/leagueoflegends/comments/1uaso5m/gainloss_lp_ridiculious/,
85,1uarrhv,new,Discussion,Free Coaching,"Hello everyone, i am currently looking for 2-3 people to constantly coach and help you climb out of your ranks. Im a Gm Rengar otp with roughly 5m Mastery, i also play every other jungler and my goal is to practice my coaching skills while helping some of y‘all! Shoot me a Dm and we‘ll go from there!",6,0.59,33,2026-06-20 09:00,https://reddit.com/r/leagueoflegends/comments/1uarrhv/free_coaching/,
86,1uar9k3,new,Educational,Youtubers/Streamers for high elo mid gameplay and educational content?,"Hello, i'm at my all time highest in soloq at master 110 lp this season. I'm mid main and i also try to play wide variety of champs. I main zed but i don't want to be an otp, i try to improve my champ pool so added most of the mages as well. This is my op.gg if you are interested to leave a comment on my games, pretty much appreciated if you do: &#x200B; https://op.gg/lol/summoners/euw/gothloverr-zed &#x200B; I want to improve my gamestyle, so which channels do you recommend me to watch? Looking for mid players specifically. &#x200B; Currently following: &#x200B; Nemesis Naru (turkish streamer, ex e-sport player) &#x200B; And sometimes i watch jungles as well, to improve my game overall/ if mid youtubers didn't uploaded video recently. &#x200B; Closer 113 &#x200B; Thank you sincerely.",6,0.67,11,2026-06-20 08:28,https://reddit.com/r/leagueoflegends/comments/1uar9k3/youtubersstreamers_for_high_elo_mid_gameplay_and/,
87,1uaqvbe,new,Gameplay,how to improve as ADC?,"hi, I started playing league last year I went from iron 4 to gold 3 playing as ADC then I stopped playing for 8 months because I found the game too time consuming. I came back to the game two weeks ago and I've been trying to climb, but I'm stuck in silver lol. I know my gameplay isn't perfect. I usually win my lane about 80% of the time, but the problem seems to be the mid game. Maybe I'm not impactful enough? What can I do to help my team more? I always play around objectives and I think I have pretty good map awareness, but sometimes I feel useless when an enemy gets really fed. By the way, I mainly play Ashe and Sivir. Are they good champions in the current meta, or should I consider learning other ADCs? Thanks!",2,0.75,15,2026-06-20 08:04,https://reddit.com/r/leagueoflegends/comments/1uaqvbe/how_to_improve_as_adc/,
88,1uaq94x,new,Educational,AMA - I escaped emerald and hot Masters for the First time + What to do now + Deal with mental fatique,"So This Season was it, i escaped emerald and finalmy Hit Diamond and now Even Masters. First of all i want to know what i can do now to improve? Im working on my map awarenes and my Vision Game.. but there have to be more things to work on. How do i start Noticing what i can improve? Reviewing my Games and watching Pros play? And How do i Deal with mental fatique? I feel Like i Hit a Point in league of legends where i Need to be so focused that i only can Play 3-4 Games before i cant Focus anymore.. or Not Even 1 Game Cause i was working earlier and my Head is fatiqued from that. Is there a way to deal with that? Now to my Story I started This Season as usual playing toplane Riven and it started better then the last ones because i started playing without Chat and if someone started Spamming i just muted him and Focused on my Self. This didnt Only made me Play better and more consistent but made my teammates Troll less. Atleast i feel Like it, because they didnt get that mad Cause i wasnt arguing with them as usual. In General i would say mental is 50% of playing league. With this tec i hitted d2 61lp Then i decayed to emerald 75lp and took a Break for 2 months. 4 weeks ago i started playing again but i was tired of playing toplane so i went midlane with Viktor/riven. This is the Point where i Hit Masters Like 3-4 days ago. I try Improving now and try to Go for grandmaster if possible but its a Long way to Go. Feel free to ask me anything and if you can answer my questions Edit: Mental fatique in this case is ment to mean „i cant Focus anymore but i want to keep playing“ -> but its so challenging in this elo that i cant be consistent good for more then 3-4 Games",0,0.36,18,2026-06-20 07:26,https://reddit.com/r/leagueoflegends/comments/1uaq94x/ama_i_escaped_emerald_and_hot_masters_for_the/,
89,1uaq28v,new,Discussion,How rare is getting a Prestige skin as a skin shard reroll?,"https://preview.redd.it/sxl1uu2j1e8h1.png?width=782&format=png&auto=webp&s=773d259c8edf8ce6f6421698cbde7d4b49735755 I actually got this skin on a reroll way back right at the start of playing League maybe about 2 years ago, and at the time I thought it was sort of a common thing but now that I'm two years into playing the game and I've never gotten another, I'm starting to think it's rare. I've gotten a boatload of legendary skins as well as two ultimate skins (Udyr and Lux) but not another Prestige skin. Anybody know if there are posted odds anywhere for what skin rerolls we can get? Or is it really completely ""random""?",0,0.44,8,2026-06-20 07:15,https://reddit.com/r/leagueoflegends/comments/1uaq28v/how_rare_is_getting_a_prestige_skin_as_a_skin/,
90,1uapqsy,new,Discussion,Looking for a Specific Lesgue of legends Video,Hii Everyone! Ive been looking for years and at this point im turning to Reddit because noone i know knows Anything about og League of Legends youtubers. im looking for a Video thsts was Called something like Starburst Thresh Build. This happened in the era where the Dark Star Thresh came out and you were able to have fully customized Stats with Rune Pages and Masterys separated. in the background of the Montsge was also a Song Called: Starburst - Live by the Rodger Fox Big Band. if anyone has any clues pls do tell🙏,0,0.5,0,2026-06-20 06:57,https://reddit.com/r/leagueoflegends/comments/1uapqsy/looking_for_a_specific_lesgue_of_legends_video/,
91,1uaori7,new,Discussion,Do honors from teammates count toward reducing an Honor restriction?,"Hi everyone, I have a question about the Honor restriction system. When your account has an Honor restriction, the client usually says you need to play a certain number of games without receiving valid reports in order to recover progress. My question is: do honors received from teammates at the end of a match actually count toward reducing the restriction faster, or is the restriction mainly reduced by simply playing the required games without getting reported? I’m asking because, in my opinion, honor is not something people just hand out for free. Most of the time, it is earned through good behavior, solid teamwork, and clean gameplay. Of course, there are always exceptions — and I guess there are also people who beg for honors — but generally speaking, receiving honor should mean that other players recognized positive conduct during the match. So, does the system take that into account while someone is under an Honor restriction, or are post-game honors ignored until the restriction is fully cleared? Has Riot ever clarified this officially, or has anyone tested/experienced this recently? Thanks.",0,0.33,3,2026-06-20 05:59,https://reddit.com/r/leagueoflegends/comments/1uaori7/do_honors_from_teammates_count_toward_reducing_an/,
92,1uanhu7,new,Discussion,what server best for somone in pakistan for playing league?,I had been playing on the turkey server i used to get arounf 200 ping but now i am getting around 400 to 500 ping i cant play like this is there a better option than the turkey server?,0,0.4,15,2026-06-20 04:50,https://reddit.com/r/leagueoflegends/comments/1uanhu7/what_server_best_for_somone_in_pakistan_for/,
93,1uakyvw,new,Discussion,we have got to do something about all this healing,"endless hunger and vamp boots, on top of all of the healing sources already in the game, have made bruisers feel absolutely insufferable to fight against. jungle is huge brawler meta, and riven is probably the best champ in the game right now with these items. getting one takedown with endless hunger and deaths dance makes you practically immortal. you have to spec into these god awful anti heal items just to put a band aid on it. the vamp boots especially feel so unbelievably toxic when somebody using them gets a lead. what should be done about this? anti heal rework? am i overreacting? please i am so sick of riven ruining all my lobbies",0,0.35,29,2026-06-20 02:38,https://reddit.com/r/leagueoflegends/comments/1uakyvw/we_have_got_to_do_something_about_all_this_healing/,
94,1uak4pc,new,Discussion,Up to date guides for Olaf in the Olaf mains Discord,"I've now seen 2 post within a short time span on the Olaf mains reddit asking about Olaf and for help on how to learn and play him. Myself and many others have been very very slowly (sorry) making a guide for all purposes that's easy to edit for me so when Olaf changes I can adjust it from patch to patch, season to season. This is a glimpse of what's available to read. We are also very very slowly (sorry XD) creating a matchup guide for all champs in ALL roles as well as how to deal with them later in the game, think teamfights and rotations. If this interests you, the link to the Olaf mains community discord is below, and if you have any questions AMA Discord -> [https://discord.gg/ZJV5yscJ3H](https://discord.gg/ZJV5yscJ3H) https://preview.redd.it/7qem0y3rgc8h1.png?width=1547&format=png&auto=webp&s=e15ddec85c0394902345f1d3f726c156f53cd92d https://preview.redd.it/krk0otmqgc8h1.png?width=505&format=png&auto=webp&s=206a14f72dd0c4fed6ad3d7291f4e7602739117b https://preview.redd.it/snznms2qgc8h1.png?width=1174&format=png&auto=webp&s=54d424eaf9cd9b3c6ddd03f9ea7cf01ca469f561",15,0.79,2,2026-06-20 01:56,https://reddit.com/r/leagueoflegends/comments/1uak4pc/up_to_date_guides_for_olaf_in_the_olaf_mains/,
95,1uajjxq,new,Discussion,Current State of Seraphine,"Seraphine feels a bit over-tuned right now in my opinion, do others agree? Very high win rate, pick rate, and ban rate in support role. Her damage is pretty bonkers considering how easy it is to land her abilities and how large of hitboxes they have. Add on to that utility AND good CC? I just don't get how this champion is allowed to be this strong. Is she the most problematic or annoying champ ever? Certainly not. Have I beaten plenty of Seraphines? Yes. But for how actually easy it is to use her kit, it's just surprising to me the amount of damage she is allowed to do, along with other things. I wouldn't have an issue as much if maybe she had less range, or slightly smaller hitboxes, but again it's just the easiest most straight forward kit in the game for how much damage she actually does in lane. How do people feel about Seraphine right now overall? I don't think she's wildly OP by any means, but she feels ""cheap"" to play against if that makes sense.",0,0.36,14,2026-06-20 01:27,https://reddit.com/r/leagueoflegends/comments/1uajjxq/current_state_of_seraphine/,
96,1uaibmo,new,Discussion,RP VS BE on champ pricing,"just curious on why champions are so expensive when it comes to RP, when blue essence is one of the easiest things to get? i have 23k BE in the bank rn, i'd have easily over 40k if i didnt spend a bunch on the emporium. I also have tons of champs, and ive only been playing for 5 months. So when I see champs costing nearly 1k rp, or 500 rp, but they're so low on the BE cost, it makes me wonder why even have the prices that high? personally I'd say 50-175 max rp for a champ is reasonable. just seems like a totally arbitrary option to be able to spend rp on champs when its that inflated",0,0.41,18,2026-06-20 00:27,https://reddit.com/r/leagueoflegends/comments/1uaibmo/rp_vs_be_on_champ_pricing/,
97,1uahcpz,new,Discussion,Catchup XP needs to be nerfed...,"There is no universe where it feels fair to be 11/4/4 with 140 CS at 20 minutes and the same level as an opponent who is 2/6/3 with only 10 more CS. I'm not saying there shouldn't be ANY catchup mechanisms in the game, but right now, catchup XP heavily favors scaling champs to the point that it feels really shitty to play early game champs in low ELO, where you can't 1v9 because someone can just power farm to keep up with you. https://preview.redd.it/kaixbhvrsb8h1.png?width=1920&format=png&auto=webp&s=d7d324b93e78e2aa86322a0c669122ce09ee0329",0,0.45,49,2026-06-19 23:42,https://reddit.com/r/leagueoflegends/comments/1uahcpz/catchup_xp_needs_to_be_nerfed/,
98,1uagtdi,new,Discussion,Win Con Data Analysis Project,"Hello summoners I'm About to start a new project in and around data analysis. I just wanted to pose to the community whether you all would be interested in a report showing from the data of a large sample of games ( maybe 50,000) what in the first 15 minutes of a game leads to a higher chance of winning in every rank from iron to challenger. I don't want to start a project that the community that could be interested in it are not in the slightest. So I figured i would ask here first if this sort of data is of any intrigue to the community. The goal is obviously that depending on the findings we can apply the data to our own games depending on the rank to see what our objectives should be early game. The project will compare the win rate data when a team has early dragons vs grubs vs a 1k gold lead or even first tower as well as many other things such as analysing which role having a gold lead on translates to more wins across the board. All responses are welcomed",0,0.29,7,2026-06-19 23:17,https://reddit.com/r/leagueoflegends/comments/1uagtdi/win_con_data_analysis_project/,
99,1uag5c0,new,Discussion,No one is playing top anymore,Got autofilled twice and it was toplane. Always the autofill player is toplane. No one is enjoying the lane-,0,0.33,23,2026-06-19 22:47,https://reddit.com/r/leagueoflegends/comments/1uag5c0/no_one_is_playing_top_anymore/,
100,1toonmj,top,Discussion,Jynxzi scores his first ever Pentakill in League of Legends,"Imagine if this skin had a pentakill effect, how much crazier his reaction would have been.... But i'm still so happy for jinky",10404,0.92,540,2026-05-26 23:55,https://reddit.com/r/leagueoflegends/comments/1toonmj/jynxzi_scores_his_first_ever_pentakill_in_league/,
101,1tlt654,top,Humor,"There's a low-elo tournament happening in Brazil hosted by content creator Yoda, and a 61-year-old grandma is stealing the show with her Ashe","She lands the most bizarre, impossible Ashe ults and they are COMPLETELY no scope, clicking on the minimap. The tournament was created by Yoda (former proplayer, he played MSI 2017 while being on Red Canids) and Bronziocre, a famous brazilian youtuber known by his funny montages, and it has been super fun, getting massive engagement from the Brazilian LoL community Her nickname is Flor de Lotus and you can find her livestream at Twitch (flordelotus18) Edit: Added more informations",7707,0.98,183,2026-05-23 21:45,https://reddit.com/r/leagueoflegends/comments/1tlt654/theres_a_lowelo_tournament_happening_in_brazil/,
102,1tlpab7,top,Discussion,RATIRL comes back after 5 months to explain why his subathon suddenly ended,"TLDW: On January 13th at around 9:00 AM, three men armed with guns broke into his house in Sweden where he lives with his parents. The robbers had specifically looked up his public business registration information, seeing that his streaming company generated roughly $2 million in revenue. Because he was wealthy, they assumed he was holding a lot of crypto. After holding Anton hostage for four hours, hitting his head with a gun, pulling his fingers back to break them, holding a knife to his stomach, and pouring gasoline on him, they realized he didn't have any crypto. They got frustrated and ended up just stealing his Pokémon card collection. They also stole the keys to his Lamborghini but the car was not home. Anton also asked the robbers to leave his ID card and his PC (because he was ""too lazy"" to buy another one), which they complied. His dad wasn't hurt.",7259,0.96,785,2026-05-23 19:10,https://reddit.com/r/leagueoflegends/comments/1tlpab7/ratirl_comes_back_after_5_months_to_explain_why/,
103,1u6iahy,top,Discussion,My teammate tricked me into picking Yuumi then sent me a google doc,"Okay, so I just queued up for ranked soloq and hovered my main (Udyr jng). My first pick support says they don’t know who they want yet and asks if they can lock in my udyr for me because they hate playing against it. Okay, little weird since I know you can just swap pick order, but I say sure no problem because I have all champs, so they pick my udyr. When it’s my turn to pick, they ask for yuumi so I lock it in, they instantly post this google doc. After reading it I'm just kind of speechless. Has this happened to anyone else?",6407,0.97,638,2026-06-15 14:31,https://reddit.com/r/leagueoflegends/comments/1u6iahy/my_teammate_tricked_me_into_picking_yuumi_then/,
104,1u6s6v0,top,Art,Updated my kaisa cosplay again!!!,"Hey guys!!! Posted here years ago with my handmade kaisa suit,,, just remade the torso this year so posting it to Reddit too!!! I’m adding LEDs again this month, so something to look forward to,,,, my last suit (the second prototype) had LEDs (as you can see in my post history) but fit very badly, so this 3rd prototype is supposed to fit perfectly AND have LEDs!!!! Hope u guys like it it’s been a passion project for many years hahah These clips are from my tiktok by the way, @nightwingsmistress",6043,0.96,99,2026-06-15 20:22,https://reddit.com/r/leagueoflegends/comments/1u6s6v0/updated_my_kaisa_cosplay_again/,
105,1toal84,top,Discussion,I hate Paint so I made an in-world drawing tool for replay analysis,"I've watched enough pro League, co-streamers, and coaching content at this point that I got tired of people having to pause VODs and draw arrows in Paint just to explain a play. So I built an in-world telestrator tool for League that lets you draw directly inside the game world. You can draw paths through the jungle, mark engage angles, highlight zones during fights/objectives, etc. The cool part is that the drawings are actually anchored to the map, so they stay in place while the camera moves around. Originally made it for reviewing games with friends, but it ended up looking way cleaner than I expected and I threw together a quick demo video for it. Curious what people think / what features would actually be useful for casting, coaching, spectating, whatever.",4930,0.98,180,2026-05-26 15:36,https://reddit.com/r/leagueoflegends/comments/1toal84/i_hate_paint_so_i_made_an_inworld_drawing_tool/,
106,1u21k7c,top,Esports,Peanut is heading off to do his mandatory military service in Korea...,"**""Peanut's military announcement just hit me hard. 😢 He's my #1 pick for jungle of all time. I'm gonna miss him so much. Who else is incredibly sad about this?""**",4660,0.97,361,2026-06-10 13:01,https://reddit.com/r/leagueoflegends/comments/1u21k7c/peanut_is_heading_off_to_do_his_mandatory/,
107,1u4ayiv,top,Humor,I'm 90% sure Claude code wrote most of the new ARAM update and it's not pretty,"I get we all want to 10x our productivity but at least check that the code works. So many augments just don't work at all. Like Kayle E quest was stacking only 20% of the time, I got it as my first augment versus 4 bruisers and I only had 12 hits by 15 min, so I couldn't hit my last upgrade. My last game I had Darius and picked combusting interest. No gold at all, even though it says it works for damage over time...",4215,0.93,735,2026-06-12 23:23,https://reddit.com/r/leagueoflegends/comments/1u4ayiv/im_90_sure_claude_code_wrote_most_of_the_new_aram/,
108,1trakcg,top,Humor,"I have figured out a way to completely fix the loading issue of being stuck at 90% and not only for you, for all your teammates and opponents PC's as well.","After you choose your champion and get all your settings right and lock in, once the game starts to load, go do.... anything important. Like... literally anything. go grab a drink from the fridge, go for a quick pee in the bathroom. literally anything that only takes a couple of seconds and gets you away from the PC, everyone will load instantly, works everytime. unrelated side now, im queue delayed",3255,0.97,172,2026-05-29 18:14,https://reddit.com/r/leagueoflegends/comments/1trakcg/i_have_figured_out_a_way_to_completely_fix_the/,
109,1u5iabd,top,Esports,T1 vs. Gen.G / LCK 2026 Road to MSI - Round 4 - 2nd Seed Qualification Match / Post Match Discussion,###LCK 2026 ROAD TO MSI [Official page](https://watch.lolesports.com/) | [Leaguepedia](https://lol.fandom.com/wiki/LCK/2026_Season/Road_to_MSI) | [Liquipedia](https://liquipedia.net/leagueoflegends/LCK/2026/Road_to_MSI) | [Eventvods.com](https://eventvods.com/featured/lol?utm_source=reddit&utm_medium=subreddit&utm_campaign=post_match_threads) | [New to LoL](http://lol.gamepedia.com/New_To_League/Welcome) --- ###T1 3-2 Gen.G **T1** | [Leaguepedia](https://lol.fandom.com/wiki/T1) | [Liquipedia](http://liquipedia.net/leagueoflegends/SK_Telecom_T1) | [Website](https://t1.gg/) | [Twitter](https://twitter.com/T1LoL) | [Facebook](https://www.facebook.com/T1LoL) | [YouTube](https://www.youtube.com/user/SKTTeam1st) **GEN** | [Leaguepedia](https://lol.fandom.com/wiki/Gen.G) | [Liquipedia](https://liquipedia.net/leagueoflegends/Gen.G) | [Website](https://geng.gg/) | [Twitter](https://twitter.com/GenG) | [Facebook](https://www.facebook.com/GenGLOL) | [YouTube](https://www.youtube.com/channel/UCDmmbxGg8g-EBkC_ku6vybg) * [Player of the Match: **Peyz**](https://imgur.com/a/GLbCl87) --- ###MATCH 1: T1 vs. GEN [**Winner: Gen.G** in 31m](https://imgur.com/a/JJ0ZHWc) | [Game Breakdown](https://imgur.com/a/X4VqHqq) |-|Bans 1|Bans 2|[G](#mt-gold)|[K](#mt-kills)|[T](#mt-towers)|D/B| |:--|:--:|:--:|:--:|:--:|:--:|:--:| |**T1**|orianna karma jayce|rakan ashe|56.4k|10|1|[C](#mt-cloud)^4 | |**GEN**|varus bard vi|poppy lucian|69.7k|30|11|[I](#mt-infernal)^1 [M](#mt-mountain)^2 [C](#mt-cloud)^3 [B](#mt-barons)^5 [C](#mt-cloud)^6 | |**T1**|10-30-20|[vs](#mt-kills)|30-10-65|**GEN**| |--:|--:|:--:|:--|:--| |Doran vayne ^2|2-6-6|TOP|5-6-15|^2 ambessa Kiin| |Oner trundle ^1|2-4-3|JNG|5-0-17|^1 leesin Canyon| |Faker cassiopeia ^1|2-6-1|MID|8-0-9|^2 galio Chovy| |Peyz ziggs ^3|2-4-5|BOT|8-1-8|^3 jhin Ruler| |Keria shen ^4|2-10-5|SUP|4-3-16|^3 camille Duro| ###MATCH 2: T1 vs. GEN [**Winner: T1** in 39m](https://imgur.com/a/E2DRopC) | [Game Breakdown](https://imgur.com/a/QsPunlT) |-|Bans 1|Bans 2|[G](#mt-gold)|[K](#mt-kills)|[T](#mt-towers)|D/B| |:--|:--:|:--:|:--:|:--:|:--:|:--:| |**T1**|orianna ryze sion|wukong naafiri|79.9k|19|9|[C](#mt-cloud)^1 [I](#mt-infernal)^2 [H](#mt-herald)^3 [B](#mt-barons)^6 [CT](#mt-chemtech)^7 [B](#mt-barons)^9 | |**GEN**|bard varus karma|caitlyn ashe|74.1k|12|4|[CT](#mt-chemtech)^4 [CT](#mt-chemtech)^5 [CT](#mt-chemtech)^8 | |**T1**|19-12-55|[vs](#mt-kills)|12-19-35|**GEN**| |--:|--:|:--:|:--|:--| |Doran rumble ^1|4-1-12|TOP|6-4-4|^3 yorick Kiin| |Oner vi ^1|4-3-10|JNG|2-2-7|^3 maokai Canyon| |Faker akali ^2|6-3-8|MID|2-4-7|^1 anivia Chovy| |Peyz kalista ^3|5-2-10|BOT|2-5-7|^2 xayah Ruler| |Keria renataglasc ^4|0-3-15|SUP|0-4-10|^2 rakan Duro| ###MATCH 3: T1 vs. GEN [**Winner: T1** in 45m](https://imgur.com/a/BN0bpP1) | [Game Breakdown](https://imgur.com/a/lV15H2R) |-|Bans 1|Bans 2|[G](#mt-gold)|[K](#mt-kills)|[T](#mt-towers)|D/B| |:--|:--:|:--:|:--:|:--:|:--:|:--:| |**T1**|orianna ryze varus|pyke nautilus|86.0k|17|8|[H](#mt-herald)^2 [M](#mt-mountain)^5 |**GEN**|bard nocturne karma|viktor lissandra|83.5k|14|5|[O](#mt-ocean)^1 [I](#mt-infernal)^3 [M](#mt-mountain)^4 [M](#mt-mountain)^6 [B](#mt-barons)^7 |**T1**|17-14-46|[vs](#mt-kills)|14-17-31|**GEN**| |--:|--:|:--:|:--|:--| |Doran olaf ^4|3-3-8|TOP|4-3-5|^3 zaahen Kiin| |Oner wukong ^1|6-3-5|JNG|4-3-6|^2 jayce Canyon| |Faker sion ^2|2-3-9|MID|4-3-6|^1 annie Chovy| |Peyz Senna ^1|4-1-11|BOT|2-4-4|^2 mel Ruler| |Keria alistar ^3|2-4-13|SUP|0-4-10|^3 poppy Duro| ###MATCH 4: T1 vs. GEN [**Winner: GEN** in 32m](https://imgur.com/a/bO34cCO) | [Game Breakdown](https://imgur.com/a/kV1TPcz) |-|Bans 1|Bans 2|[G](#mt-gold)|[K](#mt-kills)|[T](#mt-towers)|D/B| |:--|:--:|:--:|:--:|:--:|:--:|:--:| |**T1**|yone lucian varus|blitzcrank nautilus|60.7k|12|7|[HT](#mt-hextech)^1 [H](#mt-herald)^3 [O](#mt-ocean)^4 [O](#mt-ocean)^5 [O](#mt-ocean)^6 [B](#mt-barons)^7 | |**GEN**|bard caitlyn orianna|ashe thresh|68.4k|18|3|[I](#mt-infernal)^1 |**T1**|12-18-28|[vs](#mt-kills)|18-12-47|**GEN**| |--:|--:|:--:|:--|:--| |Doran gnar ^1|1-4-4|TOP|1-2-9|^3 gangplank Kiin| |Oner nocturne ^1|1-3-6|JNG|1-3-10|^2 xin zhao Canyon| |Faker lissandra ^2|0-5-7|MID|2-2-8|^3 ahri Chovy| |Peyz yunara ^3|10-3-0|BOT|10-2-5|^2 ezreal Ruler| |Keria lulu^4|0-2-11|SUP|3-3-11|^1 karma Duro| ###MATCH 5: T1 vs. GEN [**Winner: T1** in 28m](https://imgur.com/a/QVB6xBP) | [Game Breakdown](https://imgur.com/a/IoJIHnl) |-|Bans 1|Bans 2|[G](#mt-gold)|[K](#mt-kills)|[T](#mt-towers)|D/B| |:--|:--:|:--:|:--:|:--:|:--:|:--:| |**GEN**|bard caitlyn orianna|ashe thresh|52.7k|10|3|[H](#mt-herald)^3 [O](#mt-cloud)^4 |**T1**|yone lucian varus|blitzcrank nautilus|61.6k|19|9|[M](#mt-mountain)^1 [O](#mt-ocean)^2 [O](#mt-cloud)^5 [B](#mt-barons)^6 |**GEN**|10-19-25|[vs](#mt-kills)|19-11-53|**T1**| |--:|--:|:--:|:--|:--| |Kiin renekton ^1|6-3-3|TOP|0-3-13|^2 gragas Doran| |Canyon nidalee ^1|2-6-4|JNG|10-1-6|^2 naafiri Oner| |Chovy twisted fate ^2|2-3-5|MID|8-2-8|^1 ryze Faker| |Ruler miss fortune ^3|0-3-5|BOT|1-1-14|^3 sivir Peyz| |Duro rell ^4|0-4-8|SUP|0-4-12|^3 neeko Keria| **\*Patch 26.11** ---,2947,0.96,1396,2026-06-14 11:07,https://reddit.com/r/leagueoflegends/comments/1u5iabd/t1_vs_geng_lck_2026_road_to_msi_round_4_2nd_seed/,
110,1tmkvlz,top,Educational,thebaus on how to deal with (frequent) Ranged top laners,Perhaps it would be time to nerf champions like Vayne or Varus top lane due to how frequent they are there while they ruin team comps (especially for bot laners and additionally when a Jungler picks something like Graves or Kindred). The very majority dislikes these solo lane ranged champions.,2938,0.94,346,2026-05-24 18:56,https://reddit.com/r/leagueoflegends/comments/1tmkvlz/thebaus_on_how_to_deal_with_frequent_ranged_top/,
111,1u2252m,top,Discussion,"Yasuo’s wind wall does block, in fact, Locke’s R totem","I mean it looks like a projectile so, why wouldn’t it block it. video by [u/Vandirilol](u/Vandirilol) @Vandiril on X (twitter)",2771,0.99,210,2026-06-10 13:24,https://reddit.com/r/leagueoflegends/comments/1u2252m/yasuos_wind_wall_does_block_in_fact_lockes_r_totem/,
112,1u3h4kc,top,Discussion,Malphite is a giant mountain whose entire gameplay loop revolves around tossing cheese wheels and moving insanely fast. Very mountainlike.,How this character is not considered high priority for a VGU is beyond me. Has Riot ever spoken about him receiving one? His gameplay is a relic of a bygone League. Thoughts?,2722,0.83,402,2026-06-12 01:08,https://reddit.com/r/leagueoflegends/comments/1u3h4kc/malphite_is_a_giant_mountain_whose_entire/,
113,1u6lggr,top,Rotating Event,A quarter of the augments in augment based modes are just straight up lying because whoever wrote them doesn't know proper linguistics,"So I've been playing a lot of augment based modes recently and something that I noticed is very often worded wrong is the use of ""by"" and ""to"" in percentage increases. For example: * The new ARAM Augment Terrain'd creates a damaging zone around your player made Terrain, **increased BY 200% for Ultimates** except that for ultimates, it doubles the damage. An increase **BY 100%**, an increase **TO 200%**. * In Arena, when you get the golden Spatula, the upgrade for the Augment says ""Increase the Stat gain from the Spatula **BY 120%**, what it actually does is increase it **TO** **120%** and **BY 20%** * Upgrade Sword of Blossoming Dawn increases its healing **BY 250%** when in reality it increases it **TO 250**% I'm sure there are more examples of this, but I have to be that pedantic to point it out because I am expecting a huge stat increase, just to get 4 Ability Haste more on the Spatula.",2275,0.98,155,2026-06-15 16:25,https://reddit.com/r/leagueoflegends/comments/1u6lggr/a_quarter_of_the_augments_in_augment_based_modes/,
114,1tzlhed,top,Esports,G2 Esports vs. Karmine Corp / LEC 2026 Spring Playoffs - Grand Finals / Post-Match Discussion,###LEC 2026 SPRING PLAYOFFS [Official page](https://watch.lolesports.com/) | [Leaguepedia](https://lol.fandom.com/wiki/LEC/2026_Season/Spring_Playoffs) | [Liquipedia](https://liquipedia.net/leagueoflegends/LEC/2026/Spring/Playoffs) | [Eventvods.com](https://eventvods.com/featured/lol?utm_source=reddit&utm_medium=subreddit&utm_campaign=post_match_threads) | [New to LoL](http://lol.gamepedia.com/New_To_League/Welcome) --- ###G2 Esports 3-2 Karmine Corp **Congratulations to G2 Esports for winning LEC 2026 Spring! They will represent the LEC as the 1st seed in MSI. Karmine Corp will represent the LEC as the 2nd seed in the play-ins** * MVP: SkewMond **G2** | [Leaguepedia](https://lol.fandom.com/wiki/G2_Esports) | [Liquipedia](http://liquipedia.net/leagueoflegends/G2_Esports) | [Website](https://www.g2esports.com/) | [Twitter](https://twitter.com/G2esports) | [Facebook](https://www.facebook.com/G2esports) | [YouTube](http://www.youtube.com/FollowGamers2) | [Subreddit](https://www.reddit.com/r/G2eSports) **KC** | [Leaguepedia](https://lol.fandom.com/wiki/Karmine_Corp) | [Liquipedia](https://liquipedia.net/leagueoflegends/Karmine_Corp) | [Website](http://karminecorp.fr/) | [Twitter](https://www.twitter.com/KarmineCorp) | [Facebook](https://www.facebook.com/karminecorp) | [YouTube](https://www.youtube.com/channel/UCW5Ma_xnAweFIXCGOAZECAA) --- ###MATCH 1: G2 vs. KC [**Winner: Karmine Corp** in 32m](https://i.imgur.com/qYRj22t.jpeg) [Game Breakdown](https://i.imgur.com/JXbMo0w.png) |-|Bans 1|Bans 2|[G](#mt-gold)|[K](#mt-kills)|[T](#mt-towers)|D/B| |:--|:--:|:--:|:--:|:--:|:--:|:--:| |**G2**|orianna anivia ezreal|xinzhao skarner|56.6k|7|3|[M](#mt-mountain)^4 | |**KC**|varus nautilus jarvaniv|wukong pantheon|65.8k|12|10|[O](#mt-ocean)^1 [I](#mt-infernal)^2 [H](#mt-herald)^3 [B](#mt-barons)^5 [M](#mt-mountain)^6 [M](#mt-mountain)^7 [B](#mt-barons)^8 | |**G2**|7-12-17|[vs](#mt-kills)|12-7-30|**KC**| |--:|--:|:--:|:--|:--| |BrokenBlade galio ^2|0-3-3|TOP|1-3-2|^2 rumble Canna| |SkewMond naafiri ^3|4-3-2|JNG|5-1-5|^4 trundle Yike| |Caps ryze ^3|3-1-2|MID|1-0-8|^3 cassiopeia kyeahoo| |Hans Sama caitlyn ^1|0-2-3|BOT|4-2-5|^1 ashe Caliste| |Labrov bard ^2|0-3-7|SUP|1-1-10|^1 seraphine Busio| --- ###MATCH 2: KC vs. G2 [**Winner: G2 Esports** in 22m](https://i.imgur.com/meMt5FW.jpeg) [Game Breakdown](https://i.imgur.com/YJUwaJy.png) |-|Bans 1|Bans 2|[G](#mt-gold)|[K](#mt-kills)|[T](#mt-towers)|D/B| |:--|:--:|:--:|:--:|:--:|:--:|:--:| |**KC**|varus nautilus karma|vi vayne|36.6k|3|0|[M](#mt-mountain)^2 | |**G2**|orianna anivia lucian|jayce viktor|49.6k|14|8|[HT](#mt-hextech)^1 [H](#mt-herald)^3 [I](#mt-infernal)^4 [B](#mt-barons)^5 | |**KC**|3-14-6|[vs](#mt-kills)|14-3-22|**G2**| |--:|--:|:--:|:--|:--| |Canna renekton ^3|0-3-2|TOP|0-2-2|^4 gnar BrokenBlade| |Yike jarvaniv ^1|0-2-0|JNG|6-0-3|^3 xinzhao SkewMond| |kyeahoo taliyah ^3|1-5-2|MID|5-0-5|^2 ahri Caps| |Caliste corki ^2|2-2-0|BOT|2-0-3|^1 yunara Hans Sama| |Busio nami ^2|0-2-2|SUP|1-1-9|^1 lulu Labrov| --- ###MATCH 3: G2 vs. KC [**Winner: Karmine Corp** in 35m](https://i.imgur.com/i6vta7h.jpeg) [Game Breakdown](https://i.imgur.com/NNsJeOS.png) |-|Bans 1|Bans 2|[G](#mt-gold)|[K](#mt-kills)|[T](#mt-towers)|D/B| |:--|:--:|:--:|:--:|:--:|:--:|:--:| |**G2**|varus milio ezreal|vayne twistedfate|61.8k|6|2|[HT](#mt-hextech)^2 [B](#mt-barons)^6 | |**KC**|orianna anivia karma|wukong pantheon|73.1k|19|9|[O](#mt-ocean)^1 [H](#mt-herald)^3 [M](#mt-mountain)^4 [M](#mt-mountain)^5 [M](#mt-mountain)^7 | |**G2**|6-20-11|[vs](#mt-kills)|19-6-43|**KC**| |--:|--:|:--:|:--|:--| |BrokenBlade ksante ^3|1-2-1|TOP|2-1-5|^4 zaahen Canna| |SkewMond nocturne ^3|2-3-2|JNG|6-1-7|^1 vi Yike| |Caps aurora ^2|2-6-2|MID|6-1-6|^2 viktor kyeahoo| |Hans Sama xayah ^2|1-2-2|BOT|4-2-8|^3 zeri Caliste| |Labrov neeko ^1|0-7-4|SUP|1-1-17|^1 rakan Busio| --- ###MATCH 4: KC vs. G2 [**Winner: G2 Esports** in 29m](https://i.imgur.com/sWDUFBA.jpeg) [Game Breakdown](https://i.imgur.com/6Kl5pbd.png) |-|Bans 1|Bans 2|[G](#mt-gold)|[K](#mt-kills)|[T](#mt-towers)|D/B| |:--|:--:|:--:|:--:|:--:|:--:|:--:| |**KC**|lucian leblanc ezreal|olaf yorick|53.6k|13|3|None| |**G2**|orianna anivia varus|missfortune kaisa|66.6k|29|9|[CT](#mt-chemtech)^1 [H](#mt-herald)^2 [O](#mt-ocean)^3 [B](#mt-barons)^4 [I](#mt-infernal)^5 [B](#mt-barons)^6 | |**KC**|13-29-23|[vs](#mt-kills)|29-13-68|**G2**| |--:|--:|:--:|:--|:--| |Canna jayce ^3|3-6-2|TOP|3-3-12|^4 sion BrokenBlade| |Yike skarner ^2|2-6-7|JNG|12-0-9|^1 pantheon SkewMond| |kyeahoo azir ^1|2-7-6|MID|7-4-18|^1 annie Caps| |Caliste jhin ^3|4-3-3|BOT|6-2-11|^3 sivir Hans Sama| |Busio nautilus ^2|2-7-5|SUP|1-4-18|^2 rell Labrov| --- ###MATCH 5: G2 vs. KC [**Winner: G2 Esports** in 26m](https://i.imgur.com/9auhLdS.jpeg) [Game Breakdown](https://i.imgur.com/SkNvFVH.png) |-|Bans 1|Bans 2|[G](#mt-gold)|[K](#mt-kills)|[T](#mt-towers)|D/B| |:--|:--:|:--:|:--:|:--:|:--:|:--:| |**G2**|orianna milio kalista|missfortune jinx|53.6k|17|11|[I](#mt-infernal)^4 [B](#mt-barons)^5 [I](#mt-infernal)^6 | |**KC**|ezreal twistedfate wukong|yasuo olaf|45.7k|6|2|[HT](#mt-hextech)^1 [CT](#mt-chemtech)^2 [H](#mt-herald)^3 | |**G2**|17-6-38|[vs](#mt-kills)|6-17-9|**KC**| |--:|--:|:--:|:--|:--| |BrokenBlade kled ^3|4-0-4|TOP|0-4-2|^4 nidalee Canna| |SkewMond nasus ^3|12-0-3|JNG|1-3-0|^3 aatrox Yike| |Caps anivia ^1|0-1-8|MID|2-2-1|^2 akali kyeahoo| |Hans Sama senna ^2|1-2-10|BOT|2-1-2|^1 varus Caliste| |Labrov alistar ^2|0-3-13|SUP|1-7-4|^1 poppy Busio| --- * Patch 26.10 This thread was created by the Post-Match Team.,2110,0.95,988,2026-06-07 19:26,https://reddit.com/r/leagueoflegends/comments/1tzlhed/g2_esports_vs_karmine_corp_lec_2026_spring/,
115,1tsbw4z,top,Esports,FLY Gryffinn's words of encouragement for FLY Cryogen who feels anxious before the start of the game,"**GEN Z motivational speech of FlyQuest jungler for his support, who feels anxious before the start of a Playoffs game** lmao **Cryogen**: ""I'm so anxious bro, like idk what's going on."" **Gryffinn**: ""Bro, bro, makes sense you're anxious bro. I know why you're anxious. It's playoffs, you've never been here before. But don't worry...the big Gs, Massu & Quad...bro...WE have been here before, we've played against the greatest in the world, so when you're nervous, just look to your RIGHT & SEE the BIG Gs on your team and you don't have to feel nervous. IT'S LIKE YOU LOOK TO YOUR RIGHT AND YOU SEE FAKER'S ON YOUR TEAM!"" **Quad**: ""Bro, just trust yourself. Bro, just trust yourself."" **Gryffinn**: ""SO WHEN YOU SEE AND YOU LOOK TO YOUR RIGHT AND YOU SEE MASSU, QUAD, GRYFFINN, GAKGOS...bro, just know it's a free win, bro.""",2000,0.98,78,2026-05-30 21:21,https://reddit.com/r/leagueoflegends/comments/1tsbw4z/fly_gryffinns_words_of_encouragement_for_fly/,
116,1tniph2,top,Esports,G2 Esports vs. Movistar KOI / LEC 2026 Spring Playoffs - Upper Bracket Round 1 / Post-Match Discussion,###LEC 2026 SPRING PLAYOFFS [Official page](https://watch.lolesports.com/) | [Leaguepedia](https://lol.fandom.com/wiki/LEC/2026_Season/Spring_Playoffs) | [Liquipedia](https://liquipedia.net/leagueoflegends/LEC/2026/Spring/Playoffs) | [Eventvods.com](https://eventvods.com/featured/lol?utm_source=reddit&utm_medium=subreddit&utm_campaign=post_match_threads) | [New to LoL](http://lol.gamepedia.com/New_To_League/Welcome) --- ###Movistar KOI 2-3 G2 Esports **Congratulations to G2 Esports for qualifying for MSI 2026!** * [MVP: **Hans Sama**](https://x.com/LEC/status/2058988703742091303) **MKOI** | [Leaguepedia](https://lol.fandom.com/wiki/Movistar_KOI) | [Liquipedia](https://liquipedia.net/leagueoflegends/KOI) | [Twitter](https://www.x.com/MovistarKOILoL) **G2** | [Leaguepedia](https://lol.fandom.com/wiki/G2_Esports) | [Liquipedia](http://liquipedia.net/leagueoflegends/G2_Esports) | [Website](https://www.g2esports.com/) | [Twitter](https://twitter.com/G2esports) | [Facebook](https://www.facebook.com/G2esports) | [YouTube](http://www.youtube.com/FollowGamers2) | [Subreddit](https://www.reddit.com/r/G2eSports) --- ###MATCH 1: MKOI vs. G2 [**Winner: Movistar KOI** in 31m](https://i.imgur.com/yWIksN6.jpeg) [Game Breakdown](https://i.imgur.com/aZmG7MF.png) ||Bans 1|Bans 2|[G](#mt-gold)|[K](#mt-kills)|[T](#mt-towers)|D/B| |:--|:--:|:--:|:--:|:--:|:--:|:--:| |**MKOI**|xinzhao bard leblanc|alistar braum|65.8k|18|8|[M](#mt-mountain)^1 [H](#mt-herald)^3 [B](#mt-barons)^5 [C](#mt-cloud)^7 | |**G2**|orianna ashe rumble|vi akali|55.5k|9|2|[O](#mt-ocean)^2 [C](#mt-cloud)^4 [C](#mt-cloud)^6 | |**MKOI**|18-9-48|[vs](#mt-kills)|9-18-24|**G2**| |--:|--:|:--:|:--|:--| |Myrwyn anivia ^1|1-2-10|TOP|1-5-5|^4 yone BrokenBlade| |Elyoya nocturne ^3|5-1-11|JNG|0-2-8|^1 jarvaniv SkewMond| |Jojopyun galio ^3|2-2-10|MID|5-4-2|^2 cassiopeia Caps| |Supa kaisa ^2|10-1-3|BOT|3-3-2|^1 ezreal Hans Sama| |Alvaro nautilus ^2|0-3-14|SUP|0-4-7|^3 leona Labrov| --- ###MATCH 2: MKOI vs. G2 [**Winner: Movistar KOI** in 32m](https://i.imgur.com/RrLvOAb.jpeg) [Game Breakdown](https://i.imgur.com/cLnrGiD.png) ||Bans 1|Bans 2|[G](#mt-gold)|[K](#mt-kills)|[T](#mt-towers)|D/B| |:--|:--:|:--:|:--:|:--:|:--:|:--:| |**MKOI**|xinzhao bard jhin|vi pantheon|67.8k|19|8|[M](#mt-mountain)^1 [O](#mt-ocean)^7 [O](#mt-ocean)^8 | |**G2**|orianna ashe karma|rumble olaf|64.8k|16|5|[HT](#mt-hextech)^2 [H](#mt-herald)^3 [O](#mt-ocean)^4 [O](#mt-ocean)^5 [B](#mt-barons)^6 | |**MKOI**|19-16-49|[vs](#mt-kills)|16-19-33|**G2**| |--:|--:|:--:|:--|:--| |Myrwyn varus ^3|2-3-7|TOP|3-3-4|^4 yasuo BrokenBlade| |Elyoya trundle ^3|4-4-10|JNG|4-3-8|^3 skarner SkewMond| |Jojopyun ryze ^2|6-3-7|MID|4-6-7|^2 taliyah Caps| |Supa nami ^2|7-4-9|BOT|5-3-2|^1 yunara Hans Sama| |Alvaro caitlyn ^1|0-2-16|SUP|0-4-12|^1 lulu Labrov| --- ###MATCH 3: MKOI vs. G2 [**Winner: G2 Esports** in 24m](https://i.imgur.com/osKULds.jpeg) [Game Breakdown](https://i.imgur.com/dvwSdQn.png) ||Bans 1|Bans 2|[G](#mt-gold)|[K](#mt-kills)|[T](#mt-towers)|D/B| |:--|:--:|:--:|:--:|:--:|:--:|:--:| |**MKOI**|olaf smolder shen|vayne leblanc|40.9k|5|0|None| |**G2**|orianna ashe milio|akali rumble|54.6k|21|9|[M](#mt-mountain)^1 [C](#mt-cloud)^2 [H](#mt-herald)^3 [CT](#mt-chemtech)^4 [CT](#mt-chemtech)^5 [B](#mt-barons)^6 | |**MKOI**|5-21-7|[vs](#mt-kills)|21-5-51|**G2**| |--:|--:|:--:|:--|:--| |Myrwyn sion ^3|1-2-1|TOP|1-0-9|^4 kled BrokenBlade| |Elyoya vi ^1|1-4-1|JNG|0-3-13|^2 xinzhao SkewMond| |Jojopyun ahri ^3|0-2-0|MID|6-0-6|^3 viktor Caps| |Supa zeri ^2|3-6-2|BOT|13-1-4|^1 xayah Hans Sama| |Alvaro neeko ^2|0-7-3|SUP|1-1-19|^1 rakan Labrov| --- ###MATCH 4: G2 vs. MKOI [**Winner: G2 Esports** in 32m](https://i.imgur.com/vcPNl1c.jpeg) [Game Breakdown](https://i.imgur.com/XYDiiYm.png) ||Bans 1|Bans 2|[G](#mt-gold)|[K](#mt-kills)|[T](#mt-towers)|D/B| |:--|:--:|:--:|:--:|:--:|:--:|:--:| |**G2**|orianna pantheon milio|wukong poppy|70.7k|26|11|[C](#mt-cloud)^3 [H](#mt-herald)^4 [C](#mt-cloud)^5 [C](#mt-cloud)^6 [B](#mt-barons)^7 | |**MKOI**|smolder annie senna|ornn leblanc|56.5k|12|1|[HT](#mt-hextech)^1 [M](#mt-mountain)^2 | |**G2**|26-12-48|[vs](#mt-kills)|12-26-25|**MKOI**| |--:|--:|:--:|:--|:--| |BrokenBlade twistedfate ^2|5-3-8|TOP|2-8-1|^2 rumble Myrwyn| |SkewMond naafiri ^2|9-2-6|JNG|5-5-5|^3 leesin Elyoya| |Caps aurora ^3|8-2-13|MID|2-5-4|^4 akali Jojopyun| |Hans Sama ashe ^1|2-1-9|BOT|2-3-6|^1 missfortune Supa| |Labrov bard ^3|2-4-12|SUP|1-5-9|^1 seraphine Alvaro| --- ###MATCH 5: G2 vs. MKOI [**Winner: G2 Esports** in 37m](https://i.imgur.com/dOkzfUZ.jpeg) [Game Breakdown](https://i.imgur.com/fikPD4u.png) ||Bans 1|Bans 2|[G](#mt-gold)|[K](#mt-kills)|[T](#mt-towers)|D/B| |:--|:--:|:--:|:--:|:--:|:--:|:--:| |**G2**|milio braum smolder|vayne wukong|72.8k|15|7|[HT](#mt-hextech)^1 [CT](#mt-chemtech)^3 [O](#mt-ocean)^6 [B](#mt-barons)^7 | |**MKOI**|orianna annie karma|leblanc hwei|74.5k|16|9|[H](#mt-herald)^2 [B](#mt-barons)^4 [O](#mt-ocean)^5 [O](#mt-ocean)^8 | |**G2**|15-16-44|[vs](#mt-kills)|16-15-40|**MKOI**| |--:|--:|:--:|:--|:--| |BrokenBlade malphite ^3|0-4-8|TOP|4-3-3|^3 gnar Myrwyn| |SkewMond pantheon ^1|6-3-7|JNG|4-2-8|^4 zaahen Elyoya| |Caps sylas ^3|4-4-8|MID|7-4-5|^2 azir Jojopyun| |Hans Sama jinx ^2|4-2-7|BOT|1-1-12|^1 senna Supa| |Labrov soraka ^2|1-3-14|SUP|0-5-12|^1 alistar Alvaro| --- * Patch 26.10 This thread was created by the Post-Match Team.,1907,0.95,986,2026-05-25 19:08,https://reddit.com/r/leagueoflegends/comments/1tniph2/g2_esports_vs_movistar_koi_lec_2026_spring/,
117,1u9e10m,top,Riot Official,Riot remove 450 Ability Augments from ARAM Mayhem in hotfix,"https://x.com/LeagueOfLegends/status/2067653613686600185 > ""We’ve got hotfixes live for ARAM: Mayhem to remove over 450 Ability Augments that weren’t living up to the high-roll, high-fun promise of the mode."" Not entirely clear if this has already happened because they said as of 6/17, but the official announcement was today 6/18 at 10 AM PST, so probably notification that it has happened.",1873,0.98,558,2026-06-18 18:19,https://reddit.com/r/leagueoflegends/comments/1u9e10m/riot_remove_450_ability_augments_from_aram_mayhem/,
118,1tzb49r,top,Esports,KT Rolster vs. Dplus KIA / LCK 2026 Road to MSI - Round 2 / Post-Match Discussion,###LCK 2026 ROAD TO MSI [Official page](https://watch.lolesports.com/) | [Leaguepedia](https://lol.fandom.com/wiki/LCK/2026_Season/Road_to_MSI) | [Liquipedia](https://liquipedia.net/leagueoflegends/LCK/2026/Road_to_MSI) | [Eventvods.com](https://eventvods.com/featured/lol?utm_source=reddit&utm_medium=subreddit&utm_campaign=post_match_threads) | [New to LoL](http://lol.gamepedia.com/New_To_League/Welcome) --- ###KT Rolster 3-2 Dplus KIA - [Player of the Match: PerfecT](https://imgur.com/a/uvHVTGY) **KT** | [Leaguepedia](https://lol.fandom.com/wiki/KT_Rolster) | [Liquipedia](http://liquipedia.net/leagueoflegends/KT_Rolster) | [Website](http://kt-sports.co.kr/) | [Twitter](https://twitter.com/ktRolster_tw) | [Facebook](http://www.facebook.com/ktesports) | [YouTube](https://www.youtube.com/channel/UC8FErYSi74YwGUAoTpjvgzQ) **DK** | [Leaguepedia](https://lol.fandom.com/wiki/Dplus_KIA) | [Liquipedia](https://liquipedia.net/leagueoflegends/Dplus) | [Website](https://dpluskia.gg/) | [Twitter](https://www.twitter.com/DplusKIA) | [Facebook](https://www.facebook.com/dpluskia.lol) | [YouTube](https://www.youtube.com/channel/UCepHesz_5Lwr7qRaqjB-p1A) --- ###MATCH 1: KT vs. DK [**Winner: Dplus KIA** in 23m](https://imgur.com/a/H67rViS) [Game Breakdown](https://imgur.com/a/GvJgwSB) | [Runes](https://imgur.com/a/86LjY8x) |-|Bans 1|Bans 2|[G](#mt-gold)|[K](#mt-kills)|[T](#mt-towers)|D/B| |:--|:--:|:--:|:--:|:--:|:--:|:--:| |**KT**|bard karma jarvaniv|ksante sion|37.9k|4|0|[M](#mt-mountain)^2 | |**DK**|varus nocturne naafiri|missfortune trundle|52.8k|18|9|[C](#mt-cloud)^1 [H](#mt-herald)^3 [O](#mt-ocean)^4 [B](#mt-barons)^5 | |**KT**|4-18-9|[vs](#mt-kills)|18-4-40|**DK**| |--:|--:|:--:|:--|:--| |PerfecT rumble ^1|2-3-1|TOP|1-1-4|^3 ornn Siwoo| |Cuzz xinzhao ^3|1-4-1|JNG|5-1-8|^3 wukong Lucid| |Bdd viktor ^1|0-2-4|MID|2-2-6|^1 orianna ShowMaker| |Aiming jhin ^4|1-2-1|BOT|9-0-6|^2 ashe Smash| |Effort nautilus ^2|0-7-2|SUP|1-0-16|^2 seraphine Career| --- ###MATCH 2: KT vs. DK [**Winner: Dplus KIA** in 34m](https://imgur.com/a/0OTEGi6) [Game Breakdown](https://imgur.com/a/nrtCSBg) | [Runes](https://imgur.com/a/kHij3RO) |-|Bans 1|Bans 2|[G](#mt-gold)|[K](#mt-kills)|[T](#mt-towers)|D/B| |:--|:--:|:--:|:--:|:--:|:--:|:--:| |**KT**|cassiopeia bard karma|ziggs xayah|63.5k|9|3|[B](#mt-barons)^5 | |**DK**|varus nocturne yorick|lulu lucian|74.4k|24|10|[I](#mt-infernal)^1 [O](#mt-ocean)^2 [H](#mt-herald)^3 [HT](#mt-hextech)^4 [HT](#mt-hextech)^6 [E](#mt-elder)^7 | |**KT**|9-24-20|[vs](#mt-kills)|24-9-54|**DK**| |--:|--:|:--:|:--|:--| |PerfecT ksante ^2|1-3-4|TOP|3-4-8|^2 jayce Siwoo| |Cuzz vi ^1|1-5-4|JNG|4-2-18|^2 jarvaniv Lucid| |Bdd taliyah ^1|3-7-4|MID|4-2-6|^1 ryze ShowMaker| |Aiming caitlyn ^3|4-3-1|BOT|11-0-7|^3 mel Smash| |Effort alistar ^4|0-6-7|SUP|2-1-15|^3 shen Career| --- ###MATCH 3: DK vs. KT [**Winner: KT Rolster** in 39m](https://imgur.com/a/xrNQloZ) [Game Breakdown](https://imgur.com/a/PstT9cL) |-|Bans 1|Bans 2|[G](#mt-gold)|[K](#mt-kills)|[T](#mt-towers)|D/B| |:--|:--:|:--:|:--:|:--:|:--:|:--:| |**DK**|cassiopeia annie karma|aurora vayne|70.6k|9|3|None| |**KT**|varus bard leesin|ahri illaoi|79.6k|21|12|None| |**DK**|9-21-23|[vs](#mt-kills)|21-9-57|**KT**| |--:|--:|:--:|:--|:--| |Siwoo gnar ^1|3-3-4|TOP|1-3-10|^3 renekton PerfecT| |Lucid skarner ^2|0-5-5|JNG|6-2-11|^1 nocturne Cuzz| |ShowMaker leblanc ^4|0-5-4|MID|3-0-10|^3 zoe Bdd| |Smash lucian ^1|5-4-3|BOT|11-2-7|^2 yunara Aiming| |Career milio ^1|1-4-7|SUP|0-2-19|^2 lulu Effort| --- ###MATCH 4: KT vs. DK [**Winner: KT Rolster** in 45m](https://imgur.com/a/yqWelk8) [Game Breakdown](https://imgur.com/a/WL2JeJV) | [Runes](https://imgur.com/a/kvGV6GD) |-|Bans 1|Bans 2|[G](#mt-gold)|[K](#mt-kills)|[T](#mt-towers)|D/B| |:--|:--:|:--:|:--:|:--:|:--:|:--:| |**KT**|cassiopeia leesin ezreal|ambessa twistedfate|90.2k|15|8|None| |**DK**|varus vayne annie|yuumi rakan|90.1k|15|8|None| |**KT**|15-15-40|[vs](#mt-kills)|15-15-31|**DK**| |--:|--:|:--:|:--|:--| |PerfecT sion ^4|1-4-11|TOP|1-4-1|^3 jax Siwoo| |Cuzz naafiri ^1|3-5-6|JNG|5-3-6|^2 pantheon Lucid| |Bdd ahri ^2|6-0-5|MID|6-2-5|^3 aurora ShowMaker| |Aiming sivir ^1|4-2-8|BOT|3-2-8|^2 missfortune Smash| |Effort karma ^3|1-4-10|SUP|0-4-11|^1 bard Career| --- ###MATCH 5: KT vs. DK [**Winner: KT Rolster** in 32m](https://imgur.com/a/mZaVqGy) [Game Breakdown](https://imgur.com/a/sCbiNvf) | [Runes](https://imgur.com/a/w6OWyIo) |-|Bans 1|Bans 2|[G](#mt-gold)|[K](#mt-kills)|[T](#mt-towers)|D/B| |:--|:--:|:--:|:--:|:--:|:--:|:--:| |**KT**|cassiopeia leesin ezreal|ambessa twistedfate|63.6k|12|7|[H](#mt-herald)^3 [E](#mt-elder)^7 | |**DK**|varus vayne annie|yummy rakan|63.3k|8|6|[I](#mt-infernal)^1 [M](#mt-mountain)^2 [O](#mt-ocean)^4 [O](#mt-ocean)^5 [B](#mt-barons)^6 | |**KT**|12-9-24|[vs](#mt-kills)|8-12-14|**DK**| |--:|--:|:--:|:--|:--| |PerfecT zaahen ^2|0-1-4|TOP|2-1-1|^1 ambessa Siwoo| |Cuzz poppy ^1|4-3-5|JNG|2-3-5|^2 maokai Lucid| |Bdd azir ^1|2-0-4|MID|1-3-1|^2 yone ShowMaker| |Aiming corki ^4|5-2-5|BOT|3-2-2|^3 xayah Smash| |Effort blitzcrank ^3|1-3-6|SUP|0-3-5|^3 rakan Career| **\*Patch 26.11** --- This thread was created by the Post-Match Team.,1725,0.96,701,2026-06-07 12:42,https://reddit.com/r/leagueoflegends/comments/1tzb49r/kt_rolster_vs_dplus_kia_lck_2026_road_to_msi/,
119,1tp5cwm,top,Esports,LCS Spring 2026 records the lowest viewership for North American LoL ever,"Peak viewership, average viewership down from LTA Spring 2025 whereas airtime also up is not quite the rebound Riot were hoping for by rebranding back to LCS.",1719,0.96,900,2026-05-27 13:19,https://reddit.com/r/leagueoflegends/comments/1tp5cwm/lcs_spring_2026_records_the_lowest_viewership_for/,
120,1tnpu9u,top,Discussion,Which old popular streamers you still follow that aren't as popular anymore?,"Man, I came across Trick2g's stream and I'm saddened that his viewer count is just a few hundreds now. Bro still does his thing in master tier elo, gates, John Deer classic etc. Man, I love Trick",1677,0.96,643,2026-05-25 23:45,https://reddit.com/r/leagueoflegends/comments/1tnpu9u/which_old_popular_streamers_you_still_follow_that/,
121,1u8qar3,top,Discussion,"I don't understand the mentality of picking Ezreal because he is ""safe""","It's like if an autofilled midlaner picked Leblanc because she's ""safe"" in lane and hard to gank Neither of those are champs you wanna afk farm. They're both supposed to win lane, and excel hard in the midgame/2-item spike. After that they fall off HARD compared to their counterparts I feel like more than half of the ezreals I see, on either team, are filled botlaners who want a safe adc to play....but they're picking the worst one. Its the biggest bait ever Just play a mage at that point. You can still farm from range, but at least you'll scale decently well and it will be easier to pilot",1636,0.88,537,2026-06-17 23:35,https://reddit.com/r/leagueoflegends/comments/1u8qar3/i_dont_understand_the_mentality_of_picking_ezreal/,
122,1u46xpb,top,Esports,Doublelift's Retirement Home Tournament,"[Per his X](https://x.com/Doublelift1/status/2065526594601705845) >I've been playing in a lot of streamer events recently and its reminded me of how amazing League is and the community that made any of this possible. For the last few months my team and I have been working hard on this and I'm so excited to finally share it with you guys. >This tournament is going to be about celebrating the OGs who paved the way in League esports, some of them before there was even an LCS. Tune in today 6pm PT on my stream to watch the draft with the full list of players. And thank you Alienware for helping me bring this to life. https://preview.redd.it/hnrinrasyw6h1.png?width=1400&format=png&auto=webp&s=5747a58ca6801fd758d4913a3bcba36a498ec2a0",1620,0.96,182,2026-06-12 20:38,https://reddit.com/r/leagueoflegends/comments/1u46xpb/doublelifts_retirement_home_tournament/,
123,1tlu6jb,top,Esports,"8 years ago today, Faker said: “Currently, I’m a midlaner ranked at about 4th... Honestly, I’m not confident enough, I’m not sure that I’ll do well again.""","Even after already becoming one of the greatest players ever, Faker said he wasn’t confident and didn’t know if he could perform at the top level again. A lot of people probably thought his best years were over. Now looking back at this quote feels crazy. I think that’s one of the coolest things about Faker. Even someone at his level can have doubts, but he kept going anyway. 🏆🏆🏆🏆🏆🏆",1589,0.97,111,2026-05-23 22:29,https://reddit.com/r/leagueoflegends/comments/1tlu6jb/8_years_ago_today_faker_said_currently_im_a/,
124,1u76i2p,top,Discussion,Streamer mode gives me a higher winrate unironically.,"I am a one trick pony with belveth. Ive got over a million mastery with her. And ive found that when I hide that information in the loading screen, the enemy team just assumes im bad with the champ. I get away with so much illegal crap and nobody respects my champ. Nobody wards the lv 1 invade, nobody respects the R form, nobody runs from the 1v1, nobody respects the death dance in teamfights, nobody respects my split push. I just get to do whatever I want. Its fantastic.",1588,0.9,278,2026-06-16 07:20,https://reddit.com/r/leagueoflegends/comments/1u76i2p/streamer_mode_gives_me_a_higher_winrate/,
125,1u0za8u,top,Gameplay,3 months of me trying League,Hello I picked up league in Feb after getting bored of Dota with how little content and patches we have been getting over the last years. I playe it for around 3 months and thought it would be fun to show a video of how i've improved as I learnt the game champions and mechanics. I enjoy playing ADC but I fell in love with Lee Sin,1586,0.94,145,2026-06-09 08:40,https://reddit.com/r/leagueoflegends/comments/1u0za8u/3_months_of_me_trying_league/,
126,1tw87n2,top,Discussion,Rekkles opinion about S16's terrible decline in Ranked quality compared to previous season(s),"Riot Phroxzon [changed](https://old.reddit.com/r/leagueoflegends/comments/1oznm89/am_i_crazy_or_did_the_queue_times_drastically/npcyzkf/) match making towards the end of S15 by system searching for lower rank players in order to have lower queue timers which obviously harms Ranked quality and integrity (check your live games, and you will see that sometimes you have full Diamond lobbies one game, the next you have multiple Emeralds who are between E4-E1 and other variations); they have also done some changes to autofill while I also believe Aegis additionally contributes to problems. My personal idea for S17: Semi-hard reset (idk how you would treat apex tiers like d2+ or M+) the entire ranked ladder, disable duo q for every unranked account for the first 20 or 30 games (disable M+ duo q for 2-3 patches), after placement games (no +30 LP inflation anymore): everybody gets maximum +20 LP and -10 which will adjust over time, bring back promotion games for E1 - 100 LP all the way to D1 - 100 LP; adjust how you create match making for the sake of increasing the queue timers a little bit to ensure better ranked quality; overall reconsider the changes for S16 and do not apply them for S17",1515,0.86,527,2026-06-04 00:45,https://reddit.com/r/leagueoflegends/comments/1tw87n2/rekkles_opinion_about_s16s_terrible_decline_in/,
127,1u5ijzw,top,Esports,Congraculations to the new MSI record breakers!,"[T1 Faker](https://preview.redd.it/d2qnvvhld87h1.png?width=288&format=png&auto=webp&s=2663a6f20ddf44d7130ca346e859496e3078b8cc) [G2 Caps](https://preview.redd.it/dnoylfhpd87h1.png?width=449&format=png&auto=webp&s=d1bcb70c10edf5dede51cd9babb28f8dc6882b1d) [T1 Keria](https://preview.redd.it/atkqkdyqd87h1.png?width=379&format=png&auto=webp&s=4053fa0a2e20cbb301ad86d7c44b214dfcb1e991) [G2 BrokenBlade](https://preview.redd.it/v29bxc7ud87h1.png?width=439&format=png&auto=webp&s=e52ed3d1a9d0e8e26cfab8512392ec7a1e2885dd) [HLE Gumayusi](https://preview.redd.it/y1tulxjzd87h1.png?width=321&format=png&auto=webp&s=325c0416739bf73a4f8637def0a7b53d1b56cdf6) [BLG Bin](https://preview.redd.it/1jgin942e87h1.png?width=402&format=png&auto=webp&s=e15b80251a624a1f3718573d7553b596d5f8f1e0) [T1 Oner](https://preview.redd.it/4p31asr6e87h1.png?width=334&format=png&auto=webp&s=a9a47ee02c064255cb47313ba280afc86baeda9a) Faker, Caps, Keria, BrokenBlade, Gumayusi, Bin and Oner just became the first players to attend to 5 consecutive MSI's all at the same time with their qualification to MSI 2026!",1502,0.96,62,2026-06-14 11:21,https://reddit.com/r/leagueoflegends/comments/1u5ijzw/congraculations_to_the_new_msi_record_breakers/,
128,1tq28g4,top,Esports,KT Rolster vs. T1 / LCK 2026 Rounds 1-2 - Week 9 / Post-Match Discussion,"### LCK 2026 SEASON ROUNDS 1-2 [Official Page](https://lolesports.com/en-US/) | [Leaguepedia](https://lol.fandom.com/wiki/LCK/2026_Season/Rounds_1-2) | [Liquipedia](https://liquipedia.net/leagueoflegends/LCK/2026/Rounds_1-2) | [Twitch](https://www.twitch.tv/lck) | [YouTube](https://www.youtube.com/@LCKglobal) | Patch [26.10](https://www.leagueoflegends.com/en-us/news/game-updates/league-of-legends-patch-26-10-notes/) | Bo3 Fearless Draft ___ ## **T1 2-0 KT Rolster** **T1 move up to 2^nd place in the Standings!** - [Player of the Match: **Keria**](https://imgur.com/a/Ag7NhrF) **T1** | [Leaguepedia](https://lol.fandom.com/wiki/T1) | [Liquipedia](https://liquipedia.net/leagueoflegends/T1) | [Website](https://www.t1.gg/) | [Twitter](https://x.com/T1LoL) | [Youtube](https://www.youtube.com/sktt1) | [Facebook](https://www.facebook.com/T1LoL) | [Instagram](https://www.instagram.com/t1lol/) | [TikTok](https://www.tiktok.com/@t1) **KT** | [Leaguepedia](https://lol.fandom.com/wiki/KT_Rolster) | [Liquipedia](https://liquipedia.net/leagueoflegends/KT_Rolster) | [Website](https://rolster.bstage.in/) | [Twitter](https://x.com/ktRolster_tw) | [Youtube](https://www.youtube.com/@ktRolster_VOD) | [Facebook](https://www.facebook.com/ktesports) | [Instagram](https://www.instagram.com/ktrolstagram/) | [TikTok](https://www.tiktok.com/@rolstertok) ___ ### FULL MATCH SUMMARY & STATS |🟦|🧱|💰|⚔️|64:14|⚔️|💰|🧱|🟥| |:-|:-:|:-:|:-:|:-:|:-:|:-:|:-:|:-| |**T1 - W**|8|57.6k|**11**|**Game 1 (28:47)**|**5**|49.7k|3|**L - KT** ^(1st pick)| |**T1 - W**|7|71.7k|**22**|**Game 2 (35:27)**|**15**|64.6k|4|**L - KT** ^(1st pick)| |**Team**|Total KDA|KP|CSM|DMG%|Champions Played| |:-|:-:|:-:|:-:|:-:|:-| |[🇰🇷](#flag-kr) [**T1**](https://lol.fandom.com/wiki/T1)|33-20-85||||| |[🇰🇷](#flag-kr) Doran|9-8-12 (2.6)|64%|8.4|28.1%|Rumble, Olaf| |[🇰🇷](#flag-kr) Oner|4-3-22 (8.7)|79%|7.2|17.7%|Vi, Xin Zhao| |[🇰🇷](#flag-kr) Faker|11-5-8 (3.8)|58%|8.6|25%|Anivia, Akali| |[🇰🇷](#flag-kr) Peyz|9-2-14 (11.5)|70%|10.9|21.8%|Xayah, Ashe| |[🇰🇷](#flag-kr) **Keria**|**0-2-29 (14.5)**|**88%**|**1.3**|**7.3%**|**Rakan, Seraphine**| |[🇰🇷](#flag-kr) [**KT**](https://lol.fandom.com/wiki/KT_Rolster)|20-33-28||||| |[🇰🇷](#flag-kr) PerfecT|10-7-4 (2)|70%|8.5|33.5%|Yorick, Jayce| |[🇰🇷](#flag-kr) Cuzz|4-7-6 (1.4)|50%|6.7|13.9%|Wukong, Lee Sin| |[🇰🇷](#flag-kr) Bdd|2-6-9 (1.8)|55%|8.7|24.2%|Ryze, Annie| |[🇰🇷](#flag-kr) Aiming|4-5-2 (1.2)|30%|10|23.8%|Lucian, Mel| |[🇰🇷](#flag-kr) Effort|0-8-7 (0.9)|35%|0.9|4.6%|Milio, Nautilus| ___ ### GAME 1: T1 vs. KT [**Winner: T1** in 29m](https://imgur.com/a/WY7901e) [Runes](https://imgur.com/a/U0fvWuP) | [Game Breakdown](https://imgur.com/a/4G7Vgtg) | |Bans 1|Bans 2|[💰](#mt-gold)|[⚔️](#mt-kills)|[🧱](#mt-towers)|Dragons|VG, RH, BN| |-|:-|:-|:-:|:-:|:-:|:-:|:-:|:-:| |**T1**|Orianna Karma Cassiopeia|Trundle K'Sante|57.6k|11|8|[🌪️](#mt-cloud)^1 [💧](#mt-ocean)^2 [⚡](#mt-hextech)^4 |0, 0, **1**| |**KT**|Varus Bard Caitlyn|Seraphine Neeko|49.7k|5|3|[⚡](#mt-hextech)^3 |3, 1, **0**| |**T1**| |**KDA**|**vs**|**KDA**| |**KT**| |:-|:-|:-:|:-:|:-:|:-|:-| |**Player**|**Pick**|**11-5-24**|[⚔️](#mt-kills)|**5-11-8**|**Pick**|**Player**| |Doran|^(1) Rumble|0-4-2|TOP|3-1-2|^(3) Yorick|PerfecT| |Oner|^(1) Vi|2-0-6|JNG|1-4-2|^(3) Wukong|Cuzz| |Faker|^(2) Anivia|5-1-2|MID|1-2-3|^(2) Ryze|Bdd| |Peyz|^(3) Xayah|4-0-4|BOT|0-2-0|^(1) Lucian|Aiming| |Keria|^(4) Rakan|0-0-10|SUP|0-2-1|^(2) Milio|Effort| ___ ### GAME 2: T1 vs. KT [**Winner: T1** in 35m](https://imgur.com/a/RzsiDm2) [Runes](https://imgur.com/a/9CqrbDl) | [Game Breakdown](https://imgur.com/a/t91wZ9t) | |Bans 1|Bans 2|[💰](#mt-gold)|[⚔️](#mt-kills)|[🧱](#mt-towers)|Dragons|VG, RH, BN| |-|:-|:-|:-:|:-:|:-:|:-:|:-:|:-:| |**T1**|Orianna Cassiopeia Karma|Miss Fortune|71.7k|22|7|[💥](#mt-elder)^5 |0, 0, **0**| |**KT**|Varus Bard Caitlyn|Galio Sion|64.6k|15|4|[🔥](#mt-infernal)^1 [⚡](#mt-hextech)^2 [⛰️](#mt-mountain)^3 [⛰️](#mt-mountain)^4 |3, 1, **1**| |**T1**| |**KDA**|**vs**|**KDA**| |**KT**| |:-|:-|:-:|:-:|:-:|:-|:-| |**Player**|**Pick**|**22-15-61**|[⚔️](#mt-kills)|**15-22-20**|**Pick**|**Player**| |Doran|^(4) Olaf|9-4-10|TOP|7-6-2|^(3) Jayce|PerfecT| |Oner|^(2) Xin Zhao|2-3-16|JNG|3-3-4|^(2) Lee Sin|Cuzz| |Faker|^(3) Akali|6-4-6|MID|1-4-6|^(1) Annie|Bdd| |Peyz|^(1) Ashe|5-2-10|BOT|4-3-2|^(3) Mel|Aiming| |Keria|^(1) Seraphine|0-2-19|SUP|0-6-6|^(2) Nautilus|Effort| ___ ### LCK 2026 Season Rounds 1-2 Current Standings |#|Team|Series|WR|Games|WR||Importance of Placement| |-|:-|:-:|:-:|:-:|:-:|:-:|:-| |1|Hanwha Life Esports|14-3|82%|30-11|73%|+19|Qualifies for Road to MSI & Legend Group| |**2**|**T1**|**13-4**|**76%**|**28-10**|**74%**|**+18**|**Qualifies for Road to MSI & Legend Group**| |3|Gen.G|13-4|76%|28-11|72%|+17|Qualifies for Road to MSI & Legend Group| |**4**|**KT Rolster**|**12-5**|**71%**|**24-15**|**62%**|**+9**|**Qualifies for Road to MSI & Legend Group**| |5|DPlus KIA|9-7|56%|20-17|54%|+3|Qualifies for Road to MSI & Legend Group| |6|HANJIN BRION|6-10|38%|16-20|44%|-4|Qualifies for Road to MSI & Rise Group| |7|BNK FEARX|6-11|35%|14-23|38%|-9|Qualifies for Rise Group| |8|Kiwoom DRX|5-12|29%|15-26|37%|-11|Qualifies for Rise Group| |9|Nongshim RedForce|5-12|29%|13-26|33%|-13|Qualifies for Rise Group| |10|DN SOOPers|1-16|6%|3-32|9%|-29|Qualifies for Rise Group| ___ This thread was created by the Post-Match Team.",1493,0.95,773,2026-05-28 12:32,https://reddit.com/r/leagueoflegends/comments/1tq28g4/kt_rolster_vs_t1_lck_2026_rounds_12_week_9/,
129,1tnvftu,top,Discussion,It's insane how League has improved compared to the bleak state it was in exactly 3 years ago,"Go back to May 2023, \-Season 2023 had the most lackluster start ever, features that were/are downright useless like Objective voting were added or features that were just misused like the bait ping until they got removed \-[The 2023 cinematic is the most downvoted video in League of Legends channel, it was so bad that there were daily discussions on how Riot abandoned League in favor of other games.](https://www.reddit.com/r/leagueoflegends/comments/1093lm0/budget_2023_cinematic/) \- [Pro play has become so stagnated, there were daily posts about seeing the same 10 champs each game/series](https://www.reddit.com/r/leagueoflegends/comments/10hm97r/the_pro_meta_is_so_stale_it_literally_begs_for/) \-the last new game mode introduced was 5-6 years prior \[Nexus Blitz\] \- Despite having 3-5 champion designers working on every champion \[some champions taking 2 YEARS as well\], the end result was sadly medicore. Last champion I believe was Naafiri [who almost instantly became the least played champion in the game and had to get reworked](https://www.reddit.com/r/leagueoflegends/comments/1cxdux0/naafiri_hasnt_even_reached_one_year_on_the_rift/) . \- 2022 champions were no better really as Zeri, Renata, Bel'veth, Nilah and K'Sante either ended up as champions at the very bottom of pickrate of their roles \[Nilah, Bel'veth and Renata\] or had to get reworked multiple times over the years \[K'Sante and Zeri\] \-the last summer event was Star Guardians 3.0 or 4.0 which reused the whole dating game inside client of spirit blossom \--- it didn't look so good but it all begun to change in Summer 2023: Arena was introduced with the Soul Fighter event and it was a blast, instantly it showed way more promise as it retained way more players after the initial launch unlike URF, Ultimate Summoner Spellbook and Nexus Blitz. After a good launch, Riot removed Arena and then reiterated on it, it came back after 6 months in late 2023 with much needed changes s like revive circles or being able to queue up with more than one friend alongside many new augments \-Season 2024 \[14.1\] for me personally was the best season start in recent years, mythic items after 3 years were removed, the summoner rift got changed, we got grubs, herald can now be driven, buffs could be shared, three barons with their own pits, and for the first time in like 10+ years, the map got an enormous change too. Also don't forget the Still Here cinematic which then in summer, Arena came back but now its 16 player alongside PVE mode of Swarm. \-Season 2025 then arrived with a banger of a cinematic/song that is currently the most viewed season launch cinematic, Atakhan, Feats of Strength were added to the game while these changes were walked back on in 2026, it showed that at least there will be lots of big changes introduced to shake up the game and if they don't work out well, Riot isn't shy from removing it \-Fearless introduced to pro and as for other game modes than SR, ARAM gets 2 new maps and ARAM Mayhem is introduced \-Metagames in the client were introduced for every event like Tournament of Souls, Aurora Ornn puzzle game, Demacia Rising, The Demon Hand and the Xin Zhao Yunara one and finally now in 2026, we got the role quests, minion changes, turret plates+crystalline overgrowth, crit damage back to 200%, the amount of objectives was reduced as second set of grubs were removed alongside Atakhan \-- but with the good, there was also bad stuff introduced like Hextech Chests being removed and Riot had to walk back on that change due to immense backlash alongside the gacha skins TLDR: the last 3 years revitalized league so so much",1469,0.91,354,2026-05-26 03:53,https://reddit.com/r/leagueoflegends/comments/1tnvftu/its_insane_how_league_has_improved_compared_to/,
130,1tnz1tk,top,Esports,Oner will not appeal the Asian Games 2026 decision. Gen.G Canyon will be the starting Jungler for the Korean National Team.,"https://preview.redd.it/9ax8wdqonf3h1.jpg?width=1080&format=pjpg&auto=webp&s=0c809c465472f29a4115bc51590eb965b5b26a81 [https://m.sports.naver.com/esports/article/109/0005540907?sid3=79e&spi\_ref=m\_sports\_x](https://m.sports.naver.com/esports/article/109/0005540907?sid3=79e&spi_ref=m_sports_x) \- He made the decision very quickly, about an hour after the list was announced then informed his teammates, team, and agent. \- People around him encouraged him to think more about it and suggested that filing an objection might be better, so the process took a little longer. But personally, he didn’t feel good about going through the appeal process, so he reaffirmed his decision not to file one. **Oner:** “I felt like this was something I absolutely needed to tell the fans myself. I also want to take this opportunity to thank them again. Actually, during the team broadcasts over the past two days, I was planning to let people know that I would not be filing an objection if the topic came up. I had already made up my mind and mentally prepared myself for it, but I think the fans avoided asking because they were thinking about me. I’m just really thankful that the fans seemed to want to avoid hurting me or causing harm to others. I can confidently say to anyone that ‘our fans are truly amazing.’” \[laughs\] **Oner:** “In a previous interview, I once said that I would keep working until I could be selected for the national team while receiving broad support and without any controversy or criticism surrounding it. Even though Canyon was selected instead of me, I think he’s an incredibly good player. As a citizen of Korea myself, I think I should support the national team wholeheartedly as well.”",1408,0.96,186,2026-05-26 06:56,https://reddit.com/r/leagueoflegends/comments/1tnz1tk/oner_will_not_appeal_the_asian_games_2026/,
131,1u293zy,top,Discussion,"In retrospect, it’s kind of insane that Yasuo can EQ+R","If you don’t know, yasuos ultimate has a line of text at the end of it that basically says “casting this makes you lose all steel tempest stacks”. Steel tempest is the passive on his Q that allows him to cast a tornado after Q’ing 2 times. But, if yasuo casts a tornado, then casts EQ on a minion or anything else right before pressing his ult, he not only retains that stack of steel tempest, but also transfers the Q damage over to the target you ulted, so if you EQ the wave then press R, they’re getting hit with the damage from you Q that you casted 1000 units away. This seems kinda insane in retrospect, does any champion have this level of exploit-level mechanics in their kit (except Rivens animation cancels) that overrides the wording of their own ability? They didn’t even let kayn Q and Tiamat at the same time.",1408,0.94,232,2026-06-10 17:36,https://reddit.com/r/leagueoflegends/comments/1u293zy/in_retrospect_its_kind_of_insane_that_yasuo_can/,
132,1tr12o2,top,Esports,China WILL NOT compete in the League of Legends competition at the Asian Games,"https://x.com/Sheep_Esports/status/2060341557291602072 Reasoning is currently unknown but as of right now China will not be competing alongside the other 16 nominated athletes at the tournament consisting of the Republic of Korea, Taiwan, Hong Kong, India, Indonesia, Kazakhstan, Kyrgystan, Laos, Malyasia, Mongolia, Oman, Pakistan, Saudi Arabia, Sri Lanka, United Arab Emirates and Vietnam. This is obviously good news for South Korea who should now be overwhelming favourites to win which if true would give military exemptions for Canyon, Zeka and Gumayusi.",1405,0.97,354,2026-05-29 12:57,https://reddit.com/r/leagueoflegends/comments/1tr12o2/china_will_not_compete_in_the_league_of_legends/,
133,1tzd48m,top,Esports,"""It felt like we just did foreplay and it ended"" CVMax Interview","4 minute mark Q. About the loss 10k gold up in game 4 A. The pace... uh... Our pace was good up until the midgame, but after that in the process of panning out, (...) Since we had a 10k gold lead, we obviously have an advantage in a fight, so if we alternate between, ... panning out and trying (Baron) with 4 members, and successfully push them out, we can make them think we are baiting Baron or actually threatening to take it. I think our execution on that detail wasn't smooth. The opponent definitely responded well as well, and it felt we just did foreplay and it ended... How should I put it... I feel like we can feedback on such points after. That certainly is a choice of words in an interview; he is rambling kinda a lot he might be a little annoyed lol",1369,0.98,120,2026-06-07 14:07,https://reddit.com/r/leagueoflegends/comments/1tzd48m/it_felt_like_we_just_did_foreplay_and_it_ended/,
134,1u2hi0r,top,Rotating Event,ARAM: Mayhem changes miss the mark,"The original concept of ARAM: Mayhem was pulled from Wild Rift where you can acquire goofy abilities and spell changes. And compared to the previous Set and Wild Rift, the current Set 2 feels more like a passive stat game I'd rather just stack hats for. Most of the cards affecting your abilities mainly affect their ability haste, damage, health or healing. There's a severe lack of goofiness. If I'm handed the option to give a champion 160 ability haste on Q (after tediously completing a quest) or Biggest Snowball Ever, I'm just gonna take the Snowball. It's fun, it's goofy, and it adds what I want with ARAM: Mayhem. I wanted to see things like, ""throw out a volley of arrows with each Q cast"", ""Replace a summoner spell with Neeko Ult!"", ect. I hope to see such changes in Set 3 and less ""read everyone's augment cards to determine what their stats are because everyone stat checks you now.""",1360,0.92,300,2026-06-10 22:47,https://reddit.com/r/leagueoflegends/comments/1u2hi0r/aram_mayhem_changes_miss_the_mark/,
135,1u04zcf,top,Esports,"""I want to bring Europe back to the top of the map"" | G2 Skewmond on the Spring final, the KC rivalry, Perkz, and MSI","* >!On the final being harder than expected: ""K*C played really really well. They had very good game plans and very good drafts.*"" KC came in with revenge on their mind after the regular season losses. ""*Nobody cares if you win the final in the end - so I think they had that mindset of just coming in with a lot of rage.*""!< * On Perkz joining the staff: *""We've been working with him for a few weeks. He brings a lot of knowledge, and he's an ultra-smart player. It's very valuable to have someone like him on the team.""* Purely game-related coaching role. * On the rivalry with Caliste: *""I've been playing against him since 2022 - I think I'm the player who has played against him the most ever. It's really nice to see how we've taken our respective paths but always found a way to face each other in finals.""* * On G2's big reset after last year's MSI: *""We were just playing like clowns. We sat down to play League of Legends better, simply.""* Vision, communication, the details - that's what changed. * On staying grounded: *""Just because I think I played well today doesn't mean I'll play well tomorrow. I need to stay grounded.""* Not yet top 5 jungler in the world: *""I hope I'll prove it at MSI.""* * On MSI: *""We'll try to aim as far as possible and bring Europe back to the top of the map.""* And on whether not winning would be a failure: *""Everything G2 accomplishes this year will be useless if we don't deliver at Worlds. Probably, yeah.""* * On facing Kanavi at MSI again : ""*In the LCK, Kanavi* *is also very good*, [he kind of humiliated me a bit at Worlds](https://rft.gg/match/12773-2025-season-world-championship-main-event-quarterfinals-3)*, so it'd be cool to face him again.""* RFQ highlights : \- Caps is a top 5 player of all time : **""Yes""** **-** G2 will win MSI **: ""Yes""** **-** Is it harder to reach the top than to stay at the top : ""**No. Staying at the top is really hard""** \- You're already in the top 5 junglers in the world : ""**Not yet, I hope I'll prove it at MSI""** **-** Everything G2 accomplishes this year will be useless if you don't deliver at Worlds : ""**Probably, yeah""**",1341,0.95,340,2026-06-08 11:19,https://reddit.com/r/leagueoflegends/comments/1u04zcf/i_want_to_bring_europe_back_to_the_top_of_the_map/,
136,1u3t58l,top,Esports,Hanwha Life Esports vs. T1 / LCK 2026 Road to MSI - Round 3 - 1st Seed Qualification Match / Post-Match Discussion,###LCK 2026 ROUNDS 1-2 [Official page](https://watch.lolesports.com/) | [Leaguepedia](https://lol.fandom.com/wiki/LCK/2026_Season/Rounds_1-2) | [Liquipedia](https://liquipedia.net/leagueoflegends/LCK/2026/Rounds_1-2) | [Eventvods.com](https://eventvods.com/featured/lol?utm_source=reddit&utm_medium=subreddit&utm_campaign=post_match_threads) | [New to LoL](http://lol.gamepedia.com/New_To_League/Welcome) --- ###[Hanwha Life Esports 3-1 T1](https://i.imgur.com/6Ijl3vU.jpeg) **- Hanwha Life Esports qualify for MSI as the LCK 1st seed!** **- T1 drop down to the lower bracket and will face the winner of Gen.G vs. KT Rolster for that final MSI spot.** ####[- Player of the Match: **Kanavi**](https://i.imgur.com/dUOPBJK.jpeg) **HLE** | [Leaguepedia](https://lol.fandom.com/wiki/Hanwha_Life_Esports) | [Liquipedia](http://liquipedia.net/leagueoflegends/Hanwha_Life_Esports) | [Website](https://hle.kr/en) | [Twitter](https://twitter.com/HLEofficial) | [Facebook](https://www.facebook.com/HLE.lol/) | [YouTube](https://www.youtube.com/channel/UCrfB1-zWijAYkgfZW7Ehc8Q) | [Subreddit](https://www.reddit.com/r/HLE/) **T1** | [Leaguepedia](https://lol.fandom.com/wiki/T1) | [Liquipedia](http://liquipedia.net/leagueoflegends/SK_Telecom_T1) | [Website](https://t1.gg/) | [Twitter](https://twitter.com/T1LoL) | [Facebook](https://www.facebook.com/T1LoL) | [YouTube](https://www.youtube.com/user/SKTTeam1st) | [Subreddit](https://www.reddit.com/r/SKTT1/) --- ###MATCH 1: HLE vs. T1 [**Winner: Hanwha Life Esports** in 37m](https://i.imgur.com/m8jeePX.jpeg) [Game Breakdown](https://i.imgur.com/K9zS1kC.jpeg) | [Runes](https://i.imgur.com/rj0s9qT.png) |-|Bans 1|Bans 2|[G](#mt-gold)|[K](#mt-kills)|[T](#mt-towers)|D/B| |:--|:--:|:--:|:--:|:--:|:--:|:--:| |**HLE**|orianna bard cassiopeia|nocturne leesin|77.3k|20|9|[H](#mt-herald)^3 [O](#mt-ocean)^5 [B](#mt-barons)^6 [O](#mt-ocean)^7 [B](#mt-barons)^8 | |**T1**|varus nautilus yone|vi naafiri|73.0k|16|5|[CT](#mt-chemtech)^1 [C](#mt-cloud)^2 [O](#mt-ocean)^4 [O](#mt-ocean)^9 | |**HLE**|20-16-44|[vs](#mt-kills)|16-20-43|**T1**| |--:|--:|:--:|:--|:--| |Zeus jayce ^1|4-3-9|TOP|3-5-6|^2 sion Doran| |Kanavi trundle ^3|3-3-10|JNG|5-5-9|^4 jarvaniv Oner| |Zeka ryze ^2|4-4-7|MID|4-3-9|^3 anivia Faker| |Gumayusi ziggs ^2|5-3-8|BOT|4-4-7|^1 ezreal Peyz| |Delight camille ^3|4-3-10|SUP|0-3-12|^1 karma Keria| --- ###MATCH 2: T1 vs. HLE [**Winner: T1** in 34m](https://i.imgur.com/wQFzjQp.jpeg) [Game Breakdown](https://i.imgur.com/6oxbbVC.jpeg) | [Runes](https://i.imgur.com/buXZTnu.png) |-|Bans 1|Bans 2|[G](#mt-gold)|[K](#mt-kills)|[T](#mt-towers)|D/B| |:--|:--:|:--:|:--:|:--:|:--:|:--:| |**T1**|orianna rumble gnar|ashe lulu|74.5k|16|10|[I](#mt-infernal)^1 [B](#mt-barons)^6 [O](#mt-ocean)^7 | |**HLE**|varus bard vayne|caitlyn poppy|64.0k|11|3|[HT](#mt-hextech)^2 [H](#mt-herald)^3 [O](#mt-ocean)^4 [O](#mt-ocean)^5 | |**T1**|16-11-45|[vs](#mt-kills)|11-16-17|**HLE**| |--:|--:|:--:|:--|:--| |Doran ambessa ^1|3-2-3|TOP|3-4-3|^1 vi Zeus| |Oner nocturne ^2|1-3-13|JNG|3-5-3|^1 reksai Kanavi| |Faker lissandra ^2|2-3-10|MID|2-2-7|^2 ahri Zeka| |Peyz sivir ^3|10-2-4|BOT|2-3-1|^3 xayah Gumayusi| |Keria rakan ^3|0-1-15|SUP|1-2-3|^4 renataglasc Delight| --- ###MATCH 3: T1 vs. HLE [**Winner: Hanwha Life Esports** in 31m](https://i.imgur.com/qbMbPHD.jpeg) [Game Breakdown](https://i.imgur.com/KDmbSxH.jpeg) | [Runes](https://i.imgur.com/Lmx0142.png) |-|Bans 1|Bans 2|[G](#mt-gold)|[K](#mt-kills)|[T](#mt-towers)|D/B| |:--|:--:|:--:|:--:|:--:|:--:|:--:| |**T1**|rumble orianna gnar|senna nautilus|55.1k|7|2|[HT](#mt-hextech)^2 | |**HLE**|varus bard vayne|mel caitlyn|67.4k|20|10|[CT](#mt-chemtech)^1 [H](#mt-herald)^3 [I](#mt-infernal)^4 [I](#mt-infernal)^5 [B](#mt-barons)^6 [I](#mt-infernal)^7 | |**T1**|7-20-18|[vs](#mt-kills)|20-7-45|**HLE**| |--:|--:|:--:|:--|:--| |Doran renekton ^2|1-4-3|TOP|1-2-11|^2 shen Zeus| |Oner naafiri ^1|3-5-2|JNG|7-1-10|^1 leesin Kanavi| |Faker galio ^2|1-5-5|MID|6-1-6|^1 cassiopeia Zeka| |Peyz lucian ^3|2-3-2|BOT|4-2-7|^3 kogmaw Gumayusi| |Keria milio ^3|0-3-6|SUP|2-1-11|^4 lulu Delight| --- ###MATCH 4: HLE vs. T1 [**Winner: Hanwha Life Esports** in 32m](https://i.imgur.com/cMN9GVk.jpeg) [Game Breakdown](https://i.imgur.com/1rSwDch.jpeg) | [Runes](https://i.imgur.com/IWbx5Fr.png) |-|Bans 1|Bans 2|[G](#mt-gold)|[K](#mt-kills)|[T](#mt-towers)|D/B| |:--|:--:|:--:|:--:|:--:|:--:|:--:| |**HLE**|bard orianna annie|caitlyn xinzhao|68.5k|19|11|[H](#mt-herald)^3 [HT](#mt-hextech)^4 [B](#mt-barons)^5 [HT](#mt-hextech)^6 [B](#mt-barons)^7 | |**T1**|varus akali aurora|ashe mel|60.1k|11|2|[C](#mt-cloud)^1 [O](#mt-ocean)^2 [HT](#mt-hextech)^8 | |**HLE**|19-11-44|[vs](#mt-kills)|11-19-27|**T1**| |--:|--:|:--:|:--|:--| |Zeus ksante ^2|3-4-3|TOP|3-2-5|^1 rumble Doran| |Kanavi maokai ^2|0-3-15|JNG|4-3-7|^2 poppy Oner| |Zeka yone ^1|6-1-9|MID|2-6-3|^1 azir Faker| |Gumayusi senna ^3|9-1-5|BOT|1-2-7|^3 aphelios Peyz| |Delight blitzcrank ^3|1-2-12|SUP|1-6-5|^4 thresh Keria| [**Patch 26.11**](https://www.leagueoflegends.com/en-us/news/game-updates/league-of-legends-patch-26-11-notes/) --- This thread was created by the Post-Match Team.,1333,0.97,884,2026-06-12 11:55,https://reddit.com/r/leagueoflegends/comments/1u3t58l/hanwha_life_esports_vs_t1_lck_2026_road_to_msi/,
137,1u5i979,top,Esports,Congratulations to the 11th and final team for qualifying for 2026 MSI!,"T1 will be the last representative of the LCK after beating Gen.G, securing the 2nd seed meaning they'll start in the newly revamped play-in stage. They have joined the earlier qualifiers in Team Secret Whales, G2 Esports, Deep Cross Gaming, Karmine Corp, FURIA, Top Esports, LYON,Hanwha Life Esports, Bilibili Gaming DreamSmart and Team Liquid Alienware. Note, with the new playins format, LCK2, LEC2, LCS2 and LCP2 will play in a double elimination best of 5 bracket where one team progresses to the bracket stage.",1322,0.97,435,2026-06-14 11:05,https://reddit.com/r/leagueoflegends/comments/1u5i979/congratulations_to_the_11th_and_final_team_for/,
138,1ttphhl,top,Esports,Anyone's Legend vs. Team WE / LPL 2026 Split 2 Playoffs - Upper Bracket Round 2 / Post-Match Discussion,###LPL 2026 SPLIT 2 PLAYOFFS [Official page](https://watch.lolesports.com/) | [Leaguepedia](https://lol.fandom.com/wiki/LPL/2026_Season/Split_2_Playoffs) | [Liquipedia](https://liquipedia.net/leagueoflegends/LPL/2026/Split_2/Knockout_Stage) | [Eventvods.com](https://eventvods.com/featured/lol?utm_source=reddit&utm_medium=subreddit&utm_campaign=post_match_threads) | [New to LoL](http://lol.gamepedia.com/New_To_League/Welcome) --- ###Anyone's Legend 0-3 Team WE **Team WE move on to face Top Esports in the Upper Bracket Final for a spot at MSI! AL fall to the lower bracket** * [Player of the Match: **Monki**](https://i.imgur.com/zQzc5sN.png) **AL** | [Leaguepedia](https://lol.fandom.com/wiki/Anyone%27s_Legend) | [Liquipedia](https://liquipedia.net/leagueoflegends/Anyone%27s_Legend) **WE** | [Leaguepedia](https://lol.fandom.com/wiki/Team_WE) | [Liquipedia](http://liquipedia.net/leagueoflegends/Team_WE) | [Website](https://www.weibo.com/teamwe?is_hot=1) | [Twitter](https://twitter.com/TeamWE) | [Facebook](https://www.facebook.com/pages/Team-World-Elite/118428866229) --- ###MATCH 1: AL vs. WE [**Winner: Team WE** in 29m](https://i.imgur.com/DDYIPBD.jpeg) | [MVP: Monki (8)](https://i.imgur.com/SzRb07q.png) [Game Breakdown](https://i.imgur.com/dcTFwTi.png) | [Player Stats](https://i.imgur.com/VCm9SBv.png) |-|Bans 1|Bans 2|[G](#mt-gold)|[K](#mt-kills)|[T](#mt-towers)|D/B| |:--|:--:|:--:|:--:|:--:|:--:|:--:| |**AL**|rumble ezreal sion|naafiri olaf|54.2k|14|3|[O](#mt-ocean)^1 [H](#mt-herald)^3 | |**WE**|nocturne varus jarvaniv|akali yorick|60.7k|17|8|[I](#mt-infernal)^2 [HT](#mt-hextech)^4 [HT](#mt-hextech)^5 [B](#mt-barons)^6 | |**AL**|14-17-30|[vs](#mt-kills)|17-14-44|**WE**| |--:|--:|:--:|:--|:--| |Flandre vayne ^3|4-3-2|TOP|3-3-7|^3 jayce Cube| |Tarzan vi ^2|2-5-7|JNG|7-2-7|^4 wukong Monki| |Shanks ryze ^3|4-4-3|MID|0-5-12|^1 orianna Karis| |Hope ashe ^1|4-2-7|BOT|5-3-6|^1 lucian About| |Kael seraphine ^2|0-3-11|SUP|2-1-12|^2 milio Erha| --- ###MATCH 2: WE vs. AL [**Winner: Team WE** in 31m](https://i.imgur.com/axBTVvg.jpeg) | [MVP: Erha (3)](https://i.imgur.com/RQASn87.png) [Game Breakdown](https://i.imgur.com/sRaBGq2.png) | [Player Stats](https://i.imgur.com/Qso1gs7.png) |-|Bans 1|Bans 2|[G](#mt-gold)|[K](#mt-kills)|[T](#mt-towers)|D/B| |:--|:--:|:--:|:--:|:--:|:--:|:--:| |**WE**|nocturne varus jarvaniv|shen ambessa|63.5k|18|9|[H](#mt-herald)^3 [HT](#mt-hextech)^4 [HT](#mt-hextech)^5 [HT](#mt-hextech)^6 [B](#mt-barons)^7 | |**AL**|rumble karma akali|annie bard|54.7k|10|1|[CT](#mt-chemtech)^1 [I](#mt-infernal)^2 | |**WE**|18-10-36|[vs](#mt-kills)|10-18-24|**AL**| |--:|--:|:--:|:--|:--| |Cube sion ^2|1-2-6|TOP|4-4-5|^3 reksai Flandre| |Monki naafiri ^2|6-3-4|JNG|3-2-5|^4 trundle Tarzan| |Karis ahri ^3|3-1-8|MID|2-4-3|^1 cassiopeia Shanks| |About ezreal ^1|7-2-6|BOT|1-5-2|^2 corki Hope| |Erha neeko ^3|1-2-12|SUP|0-3-9|^1 nami Kael| --- ###MATCH 3: AL vs. WE [**Winner: Team WE** in 27m](https://i.imgur.com/w9UXRXn.jpeg) | [MVP: Karis (2)](https://i.imgur.com/X99P2W4.png) [Game Breakdown](https://i.imgur.com/IMfLKZd.png) | [Player Stats](https://i.imgur.com/HhEEcXu.png) |-|Bans 1|Bans 2|[G](#mt-gold)|[K](#mt-kills)|[T](#mt-towers)|D/B| |:--|:--:|:--:|:--:|:--:|:--:|:--:| |**AL**|karma olaf akali|caitlyn jhin|51.0k|8|2|[M](#mt-mountain)^1 [H](#mt-herald)^2 | |**WE**|nocturne varus jarvaniv|alistar missfortune|59.5k|19|11|[C](#mt-cloud)^3 [B](#mt-barons)^4 [CT](#mt-chemtech)^5 | |**AL**|8-19-22|[vs](#mt-kills)|19-8-53|**WE**| |--:|--:|:--:|:--|:--| |Flandre twistedfate ^2|2-3-2|TOP|2-2-8|^1 ksante Cube| |Tarzan leesin ^2|3-4-4|JNG|3-3-12|^4 xinzhao Monki| |Shanks galio ^3|0-3-6|MID|9-2-7|^1 annie Karis| |Hope kaisa ^3|2-4-4|BOT|5-1-10|^3 sivir About| |Kael rumble ^1|1-5-6|SUP|0-0-16|^2 bard Erha| --- * Patch 26.10 This thread was created by the Post-Match Team.,1307,0.98,381,2026-06-01 11:36,https://reddit.com/r/leagueoflegends/comments/1ttphhl/anyones_legend_vs_team_we_lpl_2026_split_2/,
139,1tuwdux,top,Discussion,"Reminder that Locke hits PBE next week, it feels like he's the least hyped new champion in a long time","a brief appearance in the Vayne comic while he was a kid and thats it, oh and two comments about him in the last dev blog where they say hes a mid lane assassin and needs set up I am pretty sure any other recent champ had way more marketing and exposure compared to Locke... and hes the only new champion this year lol",1266,0.95,457,2026-06-02 16:37,https://reddit.com/r/leagueoflegends/comments/1tuwdux/reminder_that_locke_hits_pbe_next_week_it_feels/,
140,1u86qpg,top,Discussion,There is currently no real reason to level up Zeri ult.,"Before getting into the actual topic I wanna say that Zeri is perhaps in the best state she has ever been in. She is reasonably powerful while retaining at least some of the orignal vision of the character. We have come a long way from the no-damage bruiser mostquito and the slow-as-a-snail one shot machine that she used to be. All that being said, I really dont even know why it is possible to put extra points into her ult at this point. Leveling it up gives you almost nothing. A measily 100 magic damage and 5 seconds cd reduction is all you get which is basically nothing. The buff, which is almost the entire power budget of the ability doesnt change at all. This makes it essentially a trap that wastes your skill points, especially considering how strong her basic abilites are and how well they scale with levels. Q and E are obvious since it is her basic attack and her main mobility tool but even W is crazy. The lazer gets 1 second cd reduction, 40 damage and 5% slow per rank! It's probably not urgent but if they do work on Zeri again I would like them to either add more power higher rank Zeri ult or to just make it a 1 rank ability and add extra ranks to her other abilities. Either is fine even if I prefer the second option. But having this trap option that just sucks up the ability points of people that dont know any better feels bad.",1235,0.92,323,2026-06-17 10:46,https://reddit.com/r/leagueoflegends/comments/1u86qpg/there_is_currently_no_real_reason_to_level_up/,
141,1u4djeb,top,Esports,Final Rosters - Doublelift's Retired Pros Tournament (June 27-28),"Team Sneaky * Top: Voyboy * Jungle: Svenskeren * Mid: Froggen * Bot: Sneaky * Sup: Lemonnation Team Meteos: * Top: Hauntzer * Jungle: Meteos * Mid: Hai * Bot: Maplestreet * Sup: Xpecial Team Stixxay: * Top: Darshan * Jungle: Xmithie * Mid: Bigfatlp * Bot: Stixxay * Sup: Link Team Pobelter * Top: Hotshot * Jungle: Akaadian * Mid: Pobelter * Bot: Keith * Sup: Smoothie Prizepool: $20,000 June 27th: Double Round Robin June 28th: Grands Finals (BO5) and 3rd Place Match (BO3) Phreak, Riv and Jatt will be casting! The tournament is hosted by Doublelift and Alienware. \[[All info per Doublelift’s Tweet and Stream Today](https://x.com/doublelift1/status/2065526594601705845?s=46&t=i1Xo-r99zCm_V81WqPBC5w) [Roster Draft VOD (Doublelift Stream)](https://m.twitch.tv/videos/2795110659?t=05h13m52s&desktop-redirect=true)",1186,0.97,229,2026-06-13 01:23,https://reddit.com/r/leagueoflegends/comments/1u4djeb/final_rosters_doublelifts_retired_pros_tournament/,
142,1u334sb,top,Esports,"Fnatic is set to be sold within weeks, football clubs confirmed in the discussions, valuation lower than the expected £100 million.",https://preview.redd.it/q5kxqm2gcn6h1.png?width=1080&format=png&auto=webp&s=ae1df1010e876ea46aca154e4c0399ee226da4c9 https://preview.redd.it/wgfszejicn6h1.png?width=1080&format=png&auto=webp&s=5c61d5968d292e6c08d1566c7383638b292c368c https://preview.redd.it/g4etyu2kcn6h1.png?width=1080&format=png&auto=webp&s=74fdbd60b746805409e1efb96f27398dde4b61e5 https://preview.redd.it/l294jv5lcn6h1.png?width=1080&format=png&auto=webp&s=0b8dc4d26b31d60f0d43f3d2a4b804c0e94fd8ce https://preview.redd.it/i7bdmhqlcn6h1.png?width=1080&format=png&auto=webp&s=7161879afd0bf73726f1aab319b7153cb027fdaf https://preview.redd.it/ayglg0lmcn6h1.png?width=1080&format=png&auto=webp&s=fe4a61f62cedff3d0afbd0c49792bff0a3907423 Read the full article on RFT : [https://rft.gg/news/fnatic-in-final-sale-phase-football-clubs-confirmed-in-talks](https://rft.gg/news/fnatic-in-final-sale-phase-football-clubs-confirmed-in-talks),1177,0.97,307,2026-06-11 16:00,https://reddit.com/r/leagueoflegends/comments/1u334sb/fnatic_is_set_to_be_sold_within_weeks_football/,
143,1u542ce,top,Esports,Cloud9 Kia vs. Team Liquid Alienware / LCS 2026 Spring Playoffs - Lower Bracket Finals / Post-Match Discussion,###LCS 2026 SPRING PLAYOFFS [Official page](https://watch.lolesports.com/) | [Leaguepedia](https://lol.fandom.com/wiki/LCS/2026_Season/Spring_Playoffs) | [Liquipedia](https://liquipedia.net/leagueoflegends/LCS/2026/Spring/Playoffs) | [Eventvods.com](https://eventvods.com/featured/lol?utm_source=reddit&utm_medium=subreddit&utm_campaign=post_match_threads) | [New to LoL](http://lol.gamepedia.com/New_To_League/Welcome) --- ###Team Liquid Alienware 3-0 Cloud9 Kia - Team Liquid Alienware claim the final LCS spot for MSI 2026 and will face LYON in the Grand Finals. Winner of that match will both go to EWC 2026 and avoid the MSI Play-Ins Stage. - Cloud9 has earned a funded bootcamp during MSI 2026. - [Player of the Series: Quid](https://imgur.com/a/VOhF556) **TLAW** | [Leaguepedia](https://lol.fandom.com/wiki/Team_Liquid) | [Liquipedia](http://liquipedia.net/leagueoflegends/Team_Liquid) | [Website](https://www.teamliquid.com/) | [Twitter](https://twitter.com/teamliquidlol) | [Facebook](https://fb.com/teamliquid) | [YouTube](https://www.youtube.com/user/teamliquidnet) | [Subreddit](https://www.reddit.com/r/teamliquid) **C9** | [Leaguepedia](https://lol.fandom.com/wiki/Cloud9) | [Liquipedia](http://liquipedia.net/leagueoflegends/Cloud9) | [Website](http://www.cloud9.gg/) | [Twitter](http://twitter.com/c9lol) | [Facebook](https://www.facebook.com/cloud9) | [YouTube](https://www.youtube.com/C9lol) | [Subreddit](https://www.reddit.com/r/Cloud9) --- ###MATCH 1: TLAW vs. C9 [**Winner: Team Liquid Alienware** in 31m](https://imgur.com/a/jBBGKHK) | [Runes](https://imgur.com/a/hCtQS5m) [Game Breakdown](https://imgur.com/a/af0MM5m) | [Player of the Game: Josedeodo](https://imgur.com/a/T7g1lne) |-|Bans 1|Bans 2|[G](#mt-gold)|[K](#mt-kills)|[T](#mt-towers)|D/B| |:--|:--:|:--:|:--:|:--:|:--:|:--:| |**TLAW**|orianna bard cassiopeia|annie ziggs|69.0k|16|11|[M](#mt-mountain)^4 [B](#mt-barons)^5 [M](#mt-mountain)^6 [M](#mt-mountain)^7 [B](#mt-barons)^8 | |**C9**|varus karma akali|jarvaniv gnar|54.4k|2|4|[C](#mt-cloud)^1 [CT](#mt-chemtech)^2 [H](#mt-herald)^3 | |**TLAW**|16-2-38|[vs](#mt-kills)|2-16-3|**C9**| |--:|--:|:--:|:--|:--| |Morgan zaahen ^4|2-0-5|TOP|0-2-2|^3 sion Thanatos| |Josedeodo leesin ^3|5-1-8|JNG|2-3-0|^1 nocturne Blaber| |Quid ryze ^1|1-1-11|MID|0-5-0|^3 anivia APA| |Yeon xayah ^1|6-0-4|BOT|0-4-0|^2 ashe Zven| |CoreJJ rakan ^2|2-0-10|SUP|0-2-1|^2 seraphine Vulcan| --- ###MATCH 2: TLAW vs. C9 [**Winner: Team Liquid Alienware** in 24m](https://imgur.com/a/OcYvrF1) | [Runes](https://imgur.com/a/po749jW) [Game Breakdown](https://imgur.com/a/HN1YEVi) | [Player of the Game: Quid](https://imgur.com/a/tPAGUu1) |-|Bans 1|Bans 2|[G](#mt-gold)|[K](#mt-kills)|[T](#mt-towers)|D/B| |:--|:--:|:--:|:--:|:--:|:--:|:--:| |**TLAW**|orianna cassiopeia varus|annie senna|54.9k|24|10|[H](#mt-herald)^3 [I](#mt-infernal)^4 [B](#mt-barons)^5 [I](#mt-infernal)^6 | |**C9**|akali karma lucian|leblanc ksante|40.6k|4|0|[C](#mt-cloud)^1 [CT](#mt-chemtech)^2 | |**TLAW**|24-4-54|[vs](#mt-kills)|4-24-9|**C9**| |--:|--:|:--:|:--|:--| |Morgan ornn ^4|6-0-7|TOP|2-6-1|^3 rumble Thanatos| |Josedeodo trundle ^2|4-2-13|JNG|0-6-1|^1 jarvaniv Blaber| |Quid yone ^3|8-0-10|MID|1-6-2|^2 ziggs APA| |Yeon caitlyn ^1|2-1-10|BOT|0-0-3|^3 jhin Zven| |CoreJJ bard ^1|4-1-14|SUP|1-6-2|^2 nautilus Vulcan| --- ###MATCH 3: TLAW vs. C9 [**Winner: Team Liquid Alienware** in 28m](https://imgur.com/a/DdbB2T5) | [Runes](https://imgur.com/a/Vty8OKQ) [Game Breakdown](https://imgur.com/a/1XUknAZ) | [Player of the Game: Josedeodo](https://imgur.com/a/LoSxY5v) |-|Bans 1|Bans 2|[G](#mt-gold)|[K](#mt-kills)|[T](#mt-towers)|D/B| |:--|:--:|:--:|:--:|:--:|:--:|:--:| |**TLAW**|orianna varus cassiopeia|gnar jayce|55.5k|6|8|[M](#mt-mountain)^1 [O](#mt-ocean)^2 [H](#mt-herald)^3 [I](#mt-infernal)^4 [I](#mt-infernal)^5 [B](#mt-barons)^6 | |**C9**|lucian karma akali|renekton jax|49.4k|2|2|None| |**TLAW**|6-2-16|[vs](#mt-kills)|2-6-2|**C9**| |--:|--:|:--:|:--|:--| |Morgan shen ^4|2-0-2|TOP|0-2-0|^3 ambessa Thanatos| |Josedeodo naafiri ^3|2-0-3|JNG|0-0-2|^3 sejuani Blaber| |Quid viktor ^1|2-1-3|MID|2-1-0|^2 twistedfate APA| |Yeon ezreal ^2|0-0-4|BOT|0-2-0|^2 yunara Zven| |CoreJJ neeko ^1|0-1-4|SUP|0-1-0|^1 lulu Vulcan| **\*Patch 26.11** --- This thread was created by the Post-Match Team.,1142,0.95,898,2026-06-13 22:29,https://reddit.com/r/leagueoflegends/comments/1u542ce/cloud9_kia_vs_team_liquid_alienware_lcs_2026/,
144,1u8ml7v,top,Esports,Fnatic Founder & CEO says they've built their League of Legends coach an AI Coach Bot,"[https://x.com/sammathews/status/2067212572491743479](https://x.com/sammathews/status/2067212572491743479) Sam Mathews (Fnatic CEO) seems to think AI coaching is the way forward? SM: >Behind the scenes at googlecloud summit. Sneak peak at our new LoL AI coach. Twitter random: >Please tell me you’re taking the piss? Grabbz begging for more/better support starf and you’re gonna rock up with grok and hope for the best? SM: >We’ve also built him a coach bot which is constantly being refined Considering he is in the process of selling FNC, do you think this is just a play to pump their numbers for buyers? AI is the bright and shiny toy that seems to make a companys worth jump up, even though it loses the company money.",1117,0.93,246,2026-06-17 21:04,https://reddit.com/r/leagueoflegends/comments/1u8ml7v/fnatic_founder_ceo_says_theyve_built_their_league/,
145,1tufv7v,top,Art,I cosplayed as a warded brush,https://imgur.com/a/C4V2mlZ I recently attended Riftbound Regional Qualifiers in Vancouver and cosplayed as a warded brush! Learned that many players didn't know what a ward was. 😅 Still wanted to share with the LoL community.,1104,0.97,24,2026-06-02 04:10,https://reddit.com/r/leagueoflegends/comments/1tufv7v/i_cosplayed_as_a_warded_brush/,
146,1tov15f,top,Gameplay,My first ever Quadra kill on Malphite!,"I'm extremely proud of my highly mechanical, extremely impactful play! . . . ~~We definitely did not lose immediately after they all respawned~~",1076,0.96,41,2026-05-27 04:38,https://reddit.com/r/leagueoflegends/comments/1tov15f/my_first_ever_quadra_kill_on_malphite/,
147,1twoxox,top,Esports,"BLG's Bin fined 150,000 RMB (~$22,000 USD) for skipping mandatory pre-match fan interaction(high-five)","The LPL official authorities have just released the following penalty notice regarding BLG and Bin: ""Bin failed to fulfill his on-stage interaction obligations as required by official match-day protocols. This conduct violates the professional standards expected of an LPL player, disrupts the standardized operational order of the competition, and has negatively impacted the viewing experience and enthusiasm of the audience. Additionally, BLG has been found negligent in its pre-match player management and behavioral guidance. The club failed to effectively exercise its supervisory and educational duties and is therefore held responsible for its related managerial lapses. The following penalties are hereby imposed: (1) On player Chen Zebin (ID: Bin): a fine of 150,000 RMB, a public reprimand, and a mandatory order to participate in corresponding training and educational programs. (2) On BLG Esports Club: a fine of 50,000 RMB and a public reprimand."" https://lol.qq.com/news/detail\\\\\\\_m.html?docid=6226998693626194777",1048,0.98,250,2026-06-04 14:14,https://reddit.com/r/leagueoflegends/comments/1twoxox/blgs_bin_fined_150000_rmb_22000_usd_for_skipping/,
148,1u4tplr,top,Esports,LEC Caster Vedius announces that he will take a sabbatical until the Summer Playoffs,"[https://x.com/Vedius/status/2065485768873611454](https://x.com/Vedius/status/2065485768873611454) >As some of you may already know, I have been with Riot for near a decade so I have been granted the opportunity to take a sabbatical until Summer Playoffs. Until then, don't miss me too much on broadcast! See you soon He will miss MSI 2026, and the LEC 2026 Summer Regular season.",1025,0.97,119,2026-06-13 15:22,https://reddit.com/r/leagueoflegends/comments/1u4tplr/lec_caster_vedius_announces_that_he_will_take_a/,
149,1tonv75,top,Discussion,"After 10+ years of Dota I started playing LoL, and my friend recommended me OP.GG for guides. I have an uncomfortable question…","Genuinely what is wrong with people in this game? I decided to check guides for some champions and then thought it’s gonna be fun looking at the comments to see if people share some hidden tech or tips for champions. No, it was just people saying how every (literally) character is “braindead” and “easy” and that people playing them are “illiterate morons” and should probably hang themselves. I have never, even once, in 10+ years of dota, seen anything like this on a website dedicated for guides, even for arguably easy heroes. What is even happening in this game? 😭 Edit: can people saying there are no guides on op.gg stop please? 💀 I’m looking up builds, how is this not considered a guide.",1023,0.87,192,2026-05-26 23:23,https://reddit.com/r/leagueoflegends/comments/1tonv75/after_10_years_of_dota_i_started_playing_lol_and/,
150,1trsyfy,controversial,Discussion,I honestly hate how unserious Ranked queue is...,"I may not be very skilled, but every game that I go into, I actually try to win. However, it feels like I'm in the minority. Most people are just goofing around. * Testing builds/champions in Ranked is somehow completely normal. * Constantly going for, what I like to call, ""montage plays"" - high risk, low reward. * Giving up as soon as something doesn't go their way. * Intentionally throwing games just because of an arguement in the chat. * Honestly, ""FILL"" even being an option in role selection for RANKED is kind of stupid because, lets be honest, almost no one is equally skilled at all 5 roles... * Some people even decide to troll from champ select because they didn't like what another teammate picked... I don't expect every game to be 10 sweaty tryhards, but some people queue up for RANKED without having any intention/desire to win the match. I think that a lot of players are abusing the fact that it's pretty much impossible to get punished for bad performance/griefing (as long as you don't straight up run it down). Sure, the main point of video games is to have fun, but are they really having a good time first timing AP Xin mid and going 4/17/2? And even more important question, why do they do that in Ranked games? Just go into Normal/Swiftplay if you are purely ""for fun gamer""... **DISCLAIMER.** This post is not ""I cannot climb because my teammates are holding me back"" and more like ""hard to enjoy the game, when I go into competitive queue and barely anyone actually cares about winning the match"".",3,0.51,92,2026-05-30 07:20,https://reddit.com/r/leagueoflegends/comments/1trsyfy/i_honestly_hate_how_unserious_ranked_queue_is/,
151,1u69t8g,controversial,Esports,Is Inspired NA Goat?,"It's I think between 4 men - him, Bjergsen, Doubllift and Impact. Inspired just won another LCS title with LYON. And he has done again with a team that really shouldn't be the favorites on paper, this LYON roster should be 3rd LCS, and absolute majority of people thought that, at best, they wouldn't win, and at worst, they would mental boom by February. EG - Impact was great and Inspired absolutely loves the guy, but they had a rookie Jojo, and Danny, who was also very young, and finished 5-6 previous year. For comparison, their opponents were: TL - Bwipo, Santorin, Bjergsen, Hans sama, CoreJJ - on paper the best team C9 - Summit, Blaber, Fudge, Berserker, Winsome - on paper stronger team 100T - Ssumday, Closer, Abbe, FBI, huhi - this one is debatable, they have veterans, but low ceiling. This EG team had no business being the best in the league, yet they were, and Jojo and Danny also improved significantly by playing with Inspired and Impact. FlyQuest - Bwipo, Quad, Massu, Busio. Quad was a young prospect. Massu was NACL rookie, and Busio had finished 7-8 previous year, and I remember that he was considered pretty mediocre (time spent with Doublift didn't help). So Bwipo, Inspired, 2 rookies and 1 mediocre LCS player. Opponents: C9 - Thanatos, Blaber, Jojo, Berserker, Vulcan - Again, this team is, on paper, much better TL - Impact, Umti, APA, Yeon, CoreJJ - on paper better team. LYON - Dhokla, Saint, Berserker, Isles. Dhokla literally no one wanted, and accidentally got into this team, I'm guessing he isn't consistent player, especially in scrims, but has been VERY clutch. Saint had potential, he wasn't considered great, finished 7-8 last year every split. From what I remember, he was called ""good hands no brain"", laning phase player. Berserker was on a bad LCK team, but he's good. Isles - finished 7-8 last year, and was considered mediocre as well, but similar to Busio, has improved a lot. Internationals - Inspired has been decent, but not exceptional at international, except for last years MSI, where he was very good, dogwalked G2 and BLG (that series against BLG might be best western Jungle performance against an eastern world class team), and 2024 worlds, where FlyQuest went to 5 games against GENG in quarters. But, firstly, internationals are a lot harder now, as there're double elim (outside worlds), and more eastern teams. Also, pre-2018 LPL wasn't great, so you basically only had 3 LCK teams to be vary of at worlds. I also don't remember Bjergsen or Doublift being great at internationals either. Doubllift did get to MSI finals, but I think Impact was the best player of that team at that tournament, and that year in general as well, including worlds. I'd take Inspired and Impact as the best of LCS, because not only have they been great, but they also improve their teammates (Impact has always been my favorite LCS player). Swap Inspired to C9 or TL, and those teams end up winning LCS. You know it, I know it, everyone knows it. I don't think he's as dominant as prime Bjergsen was, but consistency and doing it all with underdog teams gives him the edge IMO",0,0.48,161,2026-06-15 07:38,https://reddit.com/r/leagueoflegends/comments/1u69t8g/is_inspired_na_goat/,
152,1txhzxy,controversial,Discussion,How Swain's infinite R compromises some of his core gameplay design,"My argument is that since Swain's VGU, the entire kit was designed with all-ining during R in mind and that's when the things in his kit really start to work: He starts putting out more 5 bolt Qs, his E works more satisfyingly when his enemies are trying to run from him, and his W works great both as a follow up to E or a area control tool. The passive of course, initially used to grant more healing during his R because of the HP he received upon cast, but now that's gone so there's no difference other than the fact that during R he probably lands E more consistently. **With the introduction of infinite R in season 12 and the next mini rework in season 14, Rylais has taken up a place as a core item on Swain's builds.** I don't have an argument for removing Rylais as an option for Swain. The item's stats and passive is amazing to have, always, obviously. I'm just really sure at this point that tuning Swain to make space for Rylais builds takes a toll on the gameplay principles I described earlier and his design. Nor do I have an argument against infinite R. I think it's great for his R to be weaker but have that juggernaut-like identity to it: Swain's sustain doesn't end as long as he keeps fighting. It also works great as a nod to his old self, where his ult had no time restriction other than his mana bar. That said, when Swain is tuned and designed to accomodate for Rylais, or any spell effects for that matter, it weakens his all-in through his R. He's now tuned not around turning the tables and becoming an offensive demon during his R, but around being a kiting champion, with his DPS being **less about landing 5 bolts and more about surviving long enough to land as many 1 or 2 bolt Qs as he can**, and that's where other spell effect items like BFT or Liandry \[and the introduction of haste as a more accessible stat in his core builds since season 11\] also come to take a toll on the kit. This all-in identity is not completely gone. But it's been weakened over the years, giving more and more tools to the ENEMIES to play around Swain rather than Swain to play around and prey on his enemies' weaknesses His kit the way it's structured since the VGU and the way it's designed asks for all-ins and being more offensive than defensive during his R. His Q literally says you take more damage the closer you are to him. He's immobile like a juggernaut and his R is on a high cooldown. Now, one could come and say: Actually, compromising the kits' fundamental principles is fine, because that's just *how great it is* to build fun items like Rylais and Liandrys, compared to something boring like RoA. Even though I understand it, I personally don't agree with this approach. I think the item system is here to serve champions' kits. Not the other way around. **Swain has been at a point for a while where it's clear that he's sacrificing the kit's values to make room for kiting via Rylais and low CD Q burn effects spam.** From a 6 million points master Swain OTP since S9, I really appreciate you took the time to read my thoughts.",7,0.52,70,2026-06-05 11:17,https://reddit.com/r/leagueoflegends/comments/1txhzxy/how_swains_infinite_r_compromises_some_of_his/,
153,1twdl2v,controversial,Discussion,"Aram Mayhem is great, but the stalling, sometimes isn't","I love the mode and it's been my go to when I'm not feeling like playing other games or ranked So First of all I need to say this is not me complaining, but rather shining a light on a problem that some people abuse. I understand the nature of stalling a bit, lots of people do stall here and there maybe an extra 2 or 3 fights and then end the game or the other team comeback and ends, being a sweet deal, what feels horrible is the idea of when one of the teams has an infinite scalling tank with the right augments that purposely stalls the game infinitely and makes it as boring possible to both teams On top of that, your team refusing to surrender (I have no idea how that happened, im usually the guy who hates surrender, and everybody spams ff since like 8mins but this time nobody wanted to surrender) To not sound dramatic, I'll explain the situation of this specific game. It was kinda balanced early on, but as soon as around 20min skarner was at 25k hp due to steel your heart and high roller, so basically at that point he was dealing 3k ish of true damage on a single hit and killing anyone even 10k hp tank on our team. not complainning about dying or defeat, I don't care about losing, I care about the game being fun/entertaining for me, specially in Mayhem. The problem is when it started, they were a premade (checked later after game via api pages and their profiles) and they just started killing our team non stop, Skarner was scalling non stop and none of our team had any tool, at some point even a throw rock was hit killing most of us, a single heart proc was a hitkill 8-10k dmg He kept scaling, getting anvils from the high roller, and at 25min he was already at 60k hp and his build made him be around 2.5k AD, and they just stood mid of the lane-map, and killing anyone who passed, sometimes his team would come 1 by 1 forward trying to solo our team, and we killed them and when we reached mid map, he would kill us all with a single attack get a penta, and afk mid again, and kept the loop, until 50min I kept spamming /ff and 2 guys refused to surrender, so basically we were in a hostage situation where we could do nothing to win, we couldnt fight an enemy, they didnt want to end game, and my team didnt want to surrender, at some point he reached 100k hp and 4k+ AD, and this was his ""idea of fun"", and it was basically, boring to hell, you couldnt do anything and had no meaning, you felt stuck in a limbo or purgatory state of total meaningless and nihilistic to be honest, being 30mins dying to hitkills non stop, taking 10-15k dmg on a single hit no matter what, he even had ghost, i tried even chaging my tanky items going full ad and speed to try to catch their inib just to be annoying but you couldnt outrun him anyway, and even though i got inib once, no matter, you cant get tower without minions anyway, so it was basically his ""im playing god on random people and your afternoon is mine"" and it felt like i was stuck in a 13 year old kid fantasy, and it was a nightmare. My suggestion? Maybe having a time limit to mayhem of like 30min or so, or maybe removing heartsteel or steel your heart I know it doesnt happen that often to this extreme 15k stacks thing, most of times people stall 5-10min only, but 30min was a first for me after 500 mayhems, but it can be really really bad Now someone told me ""you should just quit"" My answer is, if i quit, i get penalties, and paying it would last even longer than 30-40mins of hostage game, considering i had ap revious penalty due to a crash i had, it would probably force me into 10 games so no. another person in lol discord tried to dismiss me and make fun of me saying ""imagine going into a game and expecting to end soon and not being aware it may last"" and my answer is, I do expect games to last, I'm usually the last person to surrender in games and this is the first time i /ff a game in the last 5 years I think, I just try my best and keep trying unless is really hopeless, but in these aram mayhem cases it may really be hopeless, and I do not mind being 1 hour into a game, as long as it's 1 hour competing or trying to survive or win, even if you lose I don't mind, the problem was being 30mins walking around, avoiding a guy who can 1 shot you and doesnt allow you to pass mid map and just, stays there with their mates, and your team, also half gave up and half doesnt wanna surrender, so the game was just the most boring experience in my life with LoL, EVER. So I just hope some people have some good sense and understand my post and what I'm saying, I'm not complaining about the game mode, I love it, I'm just saying some people may abuse this loophole to stall games due to augments, and that this is the only loophole that can make someone basically a GM/God that cant be killed and can one shot anything under 20k hp edit context: [https://i.ibb.co/hJksxyBP/image.png](https://i.ibb.co/hJksxyBP/image.png)",63,0.56,191,2026-06-04 04:53,https://reddit.com/r/leagueoflegends/comments/1twdl2v/aram_mayhem_is_great_but_the_stalling_sometimes/,
154,1tyywwl,controversial,Educational,After being hardstuck Emerald for 14 years I hit Masters with 60% winrate on EUW on offrole. Here are my observations.,"Main account : [op.gg](http://op.gg) [https://op.gg/lol/summoners/euw/GOD-KEVIN](https://op.gg/lol/summoners/euw/GOD-KEVIN) (Garen Olaf Darius) Master 60% wr account : [https://op.gg/lol/summoners/euw/Kevin-monke](https://op.gg/lol/summoners/euw/Kevin-monke) I think I need to outline 3 things off the bat: 1) Both accounts are handleveled by me, nobody else ever touched my accounts. 2) I roleswapped 1 month ago to support, but \~3 weeks ago roleswapped to Jungle 3) Master account was meant to be my support-adc duoq account with a friend about a year or two ago. With that said, I'd like to make my case. **I think anyone can make it to Master.** *You can skip following steps and look at bottom where I outline how I did it.* *Backstory*: I've played league for 14 years, I was always an average player peaking emerald or at the time platinum equivalent throughout seasons, but usually being lower at maintenance. I've played all roles, most champs and generally with League I felt like it didn't fit me quite well and I quit often. Up until a month ago **I was constantly frustrated, I would cling on to LP I had like gold or I would spam games with fried mental. I would blame, flame, swap accounts after losses, the usual.** *Motivations for climbing*: I've always wanted to reach Masters, but year after year I was just bruteforcing it. Trying out different stuff and always failing. I'd enter losestreak and I'd just quit. I was easy to give up or I was too stubborn to take a break. Every time I quit League and I played something else it felt better, my life started coming together, but it always felt like a dread of passion that I was never able to hit Masters. **My ego was tied to my elo and the idea that my goal was never achieved and half assed made me return time after time and fail time after time. Games were low quality, mental was gone and I felt stuck.** *Why do I think that anyone can reach Master?:* Quite simply, **because I did.** If a player like me, who refused to listen, would ego flame on repeat, would use ego to protect my actions, was able to climb while being **relaxed, leveled and calm for 99% of the run**, then so can anyone who's willing to put in the work**.** I did not expect to experience **much smoother and enjoyable games in Master**, instead I thought they were going to be chaotic, toxic and negative. Instead they're by far best learning experience, I'd say **playing in Master feels like you zoomed out and you have clearer image.** *Important outline:* You **will** fail along the road, its not smooth ride. It's very much a bumpy ride and at times you will feel frustrated. I did, I still do time to time but for different reason, mostly being content with accomplishing goal and not really being interested in League anymore. **First 40 games are the hardest, then it gets easier and easier because you learn that what matters is Volume, not the results of a singular game.** \_\_\_\_\_\_\_\_\_\_\_\_\_\_\_\_\_\_\_\_\_\_\_\_\_\_\_\_\_\_\_\_\_\_\_\_\_\_\_\_\_\_\_\_\_\_\_\_\_\_\_\_\_\_\_\_ **How to do it?** **1)Mute chat and turn on Streamer Mode.** Reasons to have chat unmuted get outweighed by reasons to have chat muted. Focus is important, chat will take your focus away. Streamer mode is more of Anxiety relief, at least for me. If I don't see people's ranks it feels much easier to play against them. My mmr was in d4 when I was in plat and I was playing comfortably against Diamond junglers without realizing it, because I didn't realize they were Diamond, so personally I'd recommend it. **2)Having fun is key.** Don't force playstyle or champion on yourself based on what your ego feels that you are. For example, I forced myself to play big strong men with anger issues because I wanted to feel cool. I did not understand that Toplane is mainly about patience and small leads, but I wanted to constantly fight and limit test. After finding out Wukong exists and how Jungle operates, it just clicked. Try out stuff, something will click. **3)Individual games don't matter. Never FF.** Out of all the games I had, if all the games where I wanted to FF that I felt were completely unwinnable would be indeed surrendered, I'd not be Master. If I had to guess it would be at around 30-40 wins. **4)OTP something you love playing and you are not afraid to limit test on.** I believe in [Dopa's champion mastery concept](https://www.reddit.com/r/yoonitrop12/comments/tsuiq8/dopa_comparing_faker_chovy_showmaker_and_bdd/) heavily. Your champion has to resonate with you, instinctively. Maybe not at mastery 10, but it is important for your selected champion to feel **natural.** If you are able to find such champion, role doesn't matter as much. As long as you are able to have fun limit testing, not being afraid of situations with uncertain outcome, **if you have fun you will learn**. [Also, here's a video that made me realize that OTP is the way to go.](https://youtu.be/aR1TNEHRY-U?si=V0z3SWmNl4Zh39eF) **5) Post-it notes/League Diary is Underrated and without it I'd still be Emerald. Self accountability is CRUCIAL.** I've watched multiple videos on competitive psychology, on efficiency and meditation in my free time and the latter 2 surprisingly correlate a lot. Having a calm, relaxed and leveled state of mind is **necessary** for results of your, lets say, 100 games to be positive. I used post it notes to have blocks of 5 games without tilting or chatting and I'd document it. After 30-40 games of failing here and there I've realized that I my tendency to tilt every game was gone, if someone was spam pinging me instead of opening chat and telling them off, I'd just ignore it or mute. After 60 games I've realized that I no longer care for win or loss, I'm just repeating pattern of clearing and ganking, clearing and ganking. Playing as clean as possible and being far more patient in teamfights, which in turn was winning me games. I cannot recommend this enough, it kept me in check and its genuinely my favorite new habit. **Without having Structure you cannot improve.** **6)Meditation and Focus.** [Meditation is stillness, not concentration.](https://youtu.be/zLOVo3nZtX0?si=a7EejT_m7TYNvNHd) I've realized that people get overwhelmed easily in League. People start overconcentrating and overcompensating which leads them to be unbalanced. The simplest fix to that is to Focus. The easiest way to Focus is to learn how to meditate. Meditation levels you out, you become relaxed and calm. When you are relaxed and calm you are able to focus and concentrate. Personally, I climbed the entire time being laid back in my chair, mostly caring about music that's playing and if it's fitting. **7)Selection of music matters, but League music is alright.** [Here's a video explaining this topic far better than I could. ](https://www.youtube.com/watch?v=-c7d5W0_NPA) **8)Goal outline and task orientation.** Give yourself time. Instead of watching coaching video and trying to absorb everything the coach is saying, go 1by1. Improve 1by1, don't rush. Make sure that whatever your current task is (such as learning how to clear most effeciently), is the sole focus of your time until you feel satisfied and confident. **Confidence is key to removing ego, because ego protects the unconfident mind. When you are not sure if you are right or wrong, your ego might overprotect you and delude you.** You need to be experienced and versed in the topic enough for you to be confident in it, so that when you make a mistake its obvious to you. **Blaming people is useless.** Once you set a Goal, such as reaching Diamond for example, tasks will come 1by1. You will notice that enemy counterparts do certain things better, different or worse. Reviewing games is good, but personally I use Outplayed, so that I can only look at things from my POV. That way I can't blame anyone for not pressing heal, ult or autoattacking. **9) Exercise and diet matter. Your environment determines your games more than you might think.** Exercise and diet quality matter a lot. Same as if you're sick you will perform worse, if you are lacking exercise and/or good, healthy food, your brain will unfortunately work worse. I've tried this on myself and after starting to exercise and losing weight (currently 14kg lost), fixing my sleeping regime and keeping my house squeaky clean have contributed to me being far more relaxed and less frustrated than before. **This is boring, but important.** I'm not sure how useful this is, if this has been said a thousand times but I had the urge to share my 2 cents. I hope this might help someone :) Personally after reaching Master I don't care to go higher and I feel like the game for me is complete. I feel content and happy with the small achievement I've done.",0,0.48,67,2026-06-07 01:41,https://reddit.com/r/leagueoflegends/comments/1tyywwl/after_being_hardstuck_emerald_for_14_years_i_hit/,
155,1u1p3tc,controversial,Discussion,An Elegant Adjustment for Doran's Shield.,"The TLDR is that **the healing over 8 seconds needs to happen over a shorter time frame**, so that an ADC autoing you every few seconds will proc D shield more (toplane skewed) while a mage occasionally poking you with a spell will be unaffected (midlane skewed). The current healing for Doran's Shield occurs over 8 seconds, meaning 1 spell every 7> seconds procs its passive as often as 1 auto per second. What this means is that, right now, an AD carry autoing you constantly while you're trying to farm gives the SAME healing as a mage occasionally throwing a spell at you. This is why mid laners get just as much mileage from this item as top laners do. One spell should not give you 8 seconds of healing, that's both unintuitive and impossible to balance alongside auto attack poke. So Doran's Shield healing duration 8 -> 4 seconds, buff the healing/second to 2.0x. *(A* ***small*** *nerf could be needed to account for the occasional mage auto giving this new D shield more healing. 1.8x healing as an example.)*",0,0.49,49,2026-06-10 02:13,https://reddit.com/r/leagueoflegends/comments/1u1p3tc/an_elegant_adjustment_for_dorans_shield/,
156,1tva7x0,controversial,Discussion,I’m tired of burn augments,I’m sick and tired of brand 1v9’ing because he got burn augments and I got clipped by an ability once and then just explode and die Im tired of Lillia getting burn and running at Mach fucking 10 and I die I’m so fucking tired of Infernal Conduit being in the game.,1,0.5,29,2026-06-03 01:08,https://reddit.com/r/leagueoflegends/comments/1tva7x0/im_tired_of_burn_augments/,
157,1u2faym,controversial,Discussion,Im afraid the game team cooked with this mayhem update.,"As the title says. The game team is fucking COOKING with this update. Insane. Haven't had this much fun in LoL since mythic items (arcade gameplay basically). Like THIS is the type of ""I just got off work lemme destress"" nonsensical, gameplay I DESIRE lol. I hope the games team has more to show us with OTHER modes too. Let's queue up summoners!!",4,0.52,30,2026-06-10 21:20,https://reddit.com/r/leagueoflegends/comments/1u2faym/im_afraid_the_game_team_cooked_with_this_mayhem/,
158,1u0bj2r,controversial,Discussion,"Beyond excited for League of Legends Classic, here's why","So I just heard that rumor about LoL Classic from 3 days ago, and it's the best news ever. In the comments I saw a lot of weird negativity or confusion about it so want to make a post sharing why I'm excited and why so many people want it or at least think they want it. First off, I NEVER played the ""classic"" LoL, it's NOT nostalgia. I started in 2020. Everything I know about old League is from the ancient archives of Youtube and the many documentaries people have on it. And yet: * The graphics look super cozy. Even back in 2009 when League came out, the game's graphics were super outdated, but they chose to make it look the way it did so people associated it with Warcraft 3 and Dota 1. And that works. The characters look silly and ridiculous sometimes, but charming. Current League looks sleek and modern, but also kinda ""sterile"". * The broken champions sound fun. I WANT to play broken bullshit that annoys people. Annoying people is FUN. Ever since I heard about Sunfire Evelynn burning people while invisible, or old Poppy ulting the support and then taking zero damage, or old Sion getting a penta under fountain, I wanted to try it so much. I know it's a rare thing, but it even being a possibility is fun. * Players are a lot better now than they used to be at launch and the community is bigger than at launch. So the release is basically going to be a wild west meta where people discover and test things. * Some champions and their skins have sweet spots of quality, where they kinda went downhill with reworks, at least in my opinion. Like for example the 2nd splash art for Evelynn and her skins was wild and something you'd never see in today's League. * And there are just all the changes they made over the years that people have told me may have actually made the game worse. I'm excited to see if the old version actually plays better.",4,0.52,145,2026-06-08 15:40,https://reddit.com/r/leagueoflegends/comments/1u0bj2r/beyond_excited_for_league_of_legends_classic/,
159,1tn82bl,controversial,Discussion,Swain is not a mid-lane champion(anymore),"I noticed that Swain is no longer a mid lane champion. Why did Riot do this to him? Many people love playing him in the mid lane, but it's very difficult to face several champions in that lane currently because of the changes Riot implemented.",6,0.53,91,2026-05-25 12:43,https://reddit.com/r/leagueoflegends/comments/1tn82bl/swain_is_not_a_midlane_championanymore/,
160,1u52dzf,controversial,Discussion,People need to stop flaming other people’s build when they don’t even play the champion,"I’m sick and tired of people flaming my Teemo build of Shiv, Gluttonous greaves, Dusk and dawn. This build I think is incredibly effective and is the most optimal way of playing teemo but it’s like every other game I get a comment about how my build sucks or teammates who know nothing of my champion telling me how I should play him. I am happy to explain the build and why it’s good but these people don’t want to learn they just want something to be angry at. “Oh we lost the teamfight, there must be no other reason why except for the fact my teemo built an item I don’t think they should have!!!”. This is not even mentioning the fact that for even picking teemo I get flamed often just because they don’t like the champion and what they do for a comp but regardless it’s most optimal if I just play what I’m good at instead of first timing whatever bs pick my adc begs me pick just for them to mental boom im game anyways. I will NEVER flame a pick or build a teammate of mine has because if they are my elo then it means whatever it is is working for them and I very likely may not know something they do. TLDR: let my build my freaking items in peace and watch me win us this game!!!!",0,0.48,112,2026-06-13 21:14,https://reddit.com/r/leagueoflegends/comments/1u52dzf/people_need_to_stop_flaming_other_peoples_build/,
161,1u4uvyg,controversial,Discussion,Why did Top Lane become this flooded with ranged champions,i haven't played the game for like a years i know this was an existing thing before but now its almost every game . I played 5 games today only one 1 out of 5 was a mele matchup what made this change in peoples mind to play only ranged top,3,0.52,55,2026-06-13 16:10,https://reddit.com/r/leagueoflegends/comments/1u4uvyg/why_did_top_lane_become_this_flooded_with_ranged/,
162,1ts2xna,controversial,Esports,Wait - has BFX became better with Diable?,"For those watching esports, don't you think BFX is playing quite good lately? Like, i love style Diable is playing, but feels like the team without him works better 😃 edit: I meant without in the headline, my bad",0,0.49,14,2026-05-30 15:27,https://reddit.com/r/leagueoflegends/comments/1ts2xna/wait_has_bfx_became_better_with_diable/,
163,1u5paze,controversial,Esports,Keria has to be the second best player of all time at this point?,"I can't ever remember a player be so consistently good for this long. The amount of times he has clutched games for T1 is insane to me. ​ He makes GOAT Support discussions pointless in LOL at this point, cause there's no argument to give it to anyone else. He's like what, gonna win his 4th Worlds this year most likely? ​ Has one of the largest champion pools of any player. ​ Considered to have the best laning. ​ The second he wins worlds again, he'll probably instantly be considered the second best player of all time, which imo just make his argument even stronger, to have this strong of a case and keep winning worlds is insane to me. ​ I get he gets downplayed all the time for having faker on the same team as him, but I think its pretty amazing thats he's always considered to be the best player of all his teams even with other GOAT contention players like Faker and oner on his team.",0,0.47,49,2026-06-14 16:14,https://reddit.com/r/leagueoflegends/comments/1u5paze/keria_has_to_be_the_second_best_player_of_all/,
164,1u4bd5d,controversial,Discussion,Why is aram so toxic?,So my friend i play with normally has been hating normal games recently and got me to try aram and over the past couple games i have realised people are genuinely more toxic in aram than normal games.... I thought aram was the chillout mode so why is the enemy team being toxic most games and every game seems to be a hostage like its super unfun,0,0.49,47,2026-06-12 23:41,https://reddit.com/r/leagueoflegends/comments/1u4bd5d/why_is_aram_so_toxic/,
165,1u42o06,controversial,Discussion,Why it's a Ranged Top Meta,"Ranged tops are stronger than it's ever been before because the main things that kept ranged tops in check don't exists anymore. 1. The Jungler Everyone knows the counterplay to ranged tops is to gank because a ranged top that falls behind is useless. However these days it is 10 times harder to actually gank a ranged top. 90% of Junglers are forced to full clear top to bot because botlane is more important, drakes are better and camps need to be cycled asap. The off chance the jungler is topside, all the Ranged top needs to do is put a ward in the farie bush and now the ranged top needs to turn their monitor off to get ganked. It provides way to much vision for free making it impossible to get ganked. ""Why not just path bot to top?"". Okay now you weakside your botlane, you automatically lose the first two drakes, and now you enable the enemy support to roam first. If the enemy jungler decides to match you, you will lose the 2v2 topside because your top will likely be down xp and hp. 2. Defensive Statcheck The other counterplay to ranged top is that typically they are ""squishy"" but nowadays the meta ranged tops get so much free HP in their build (Hexplate, tabis etc.) without losing any damage. Mage tops build ROA + Seraphs etc. Not to mention TP isn't mandatory so you either play against Exhaust or Ghost which means you will get perma kited or the one change you get to all in they will just click exhaust and now what. Resolve secondary + scaling health means more free defensive stats that Ranged tops don't normally have. Increased XP top means even more free base stats just for being toplane. 3. Everything is a flex pick Let's say the enemy locks in both Riven and Ambessa. You decide to pick Renekton because it's a good matchup into both. Lmao it's actually Anivia top and you literally cannot play the game. Riot probably needs to address 2/3 points if they want ranged top meta to change. Right now Toplane is the least played role in high elo and I don't see it changing.",0,0.47,50,2026-06-12 17:57,https://reddit.com/r/leagueoflegends/comments/1u42o06/why_its_a_ranged_top_meta/,
166,1u0k5ss,controversial,Discussion,Current league players talking about classic league:,"[“You think you do, but you don’t”](https://imgur.com/a/BLh6sNn) Many of the players who would really appreciate old league are not on this subreddit anymore, and many of the players on this subreddit have never played old league. If the game was properly balanced it would absolutely see a large player base, and potentially even lots of longevity, assuming we don’t all have rose tinted glasses. There is obviously lots of nostalgia, but that doesn’t mean it wasn’t good. The game succeeded for a reason, and just like Classic Wow or OSRS it is a fundamentally different game from the modern version, so there is room for two distinct player bases.",5,0.53,246,2026-06-08 20:41,https://reddit.com/r/leagueoflegends/comments/1u0k5ss/current_league_players_talking_about_classic/,
167,1tpski1,controversial,Esports,"Truth nuke: If Riot wants LCS and League in general to succeed in NA, it needs to blanket ban import players in the pro scene","The main reasons are fairly obvious - 1. Why play ranked, try to improve, or go pro if the LCS seems like it's 75% imports? It feels like you stand almost no chance if you're an NA native when there's some C-tier Korean midlaner who will come over for a year and then vanish, only to be replaced by another C-tier import. This also suppresses the entire ranked ladder and causes game quality (which flows from top to bottom) to be worse throughout the entire region. Nothing matters since there's a glass ceiling, so why not just 4fun it, even in challenger? Why even try to become a better jungler, or midlaner, or any laner when it seems pointless ultimately and there's nowhere to go? Give people in NA a dream to chase and they'll start playing again. Right now (and for years at this point) they feel walled off. 2. Imports are, honestly and broadly speaking, uninteresting personalities. They're often not totally comfortable speaking English or speaking to players on other teams. What does that mean? Reserved interviews and no trash talk in the hopes of keeping their spot. Few streams, if any. Rare social media banter. Zero hype. Who cares if a player is good when you can't empathize with them at all? Like, who the fuck is ""Zinie"" and why is he the midlaner of SR? Does anyone know literally anything about this person? 3. As for integrity, results at Worlds don't matter at this point. NA rarely ever does anything of note internationally and we're constantly booted out before the knockout stage begins, even when we get favorable draws, so the concept of international play integrity is also meaningless as it stands. If NA comes in near last at Worlds but people have a good time and get excited, great! As it stands we come in near last place AND no one is excited. Grandfather the old ones in, that's fine. They'll retire or get benched eventually. Require people joining LCS to have resided in NA for at least the five previous years, or something like that. Why not? At this point they might as well try something drastic, there's basically nothing left to lose.",0,0.44,69,2026-05-28 04:07,https://reddit.com/r/leagueoflegends/comments/1tpski1/truth_nuke_if_riot_wants_lcs_and_league_in/,
168,1tyfrpy,controversial,Discussion,Why has the new Imperial Mandate ruined Nami?,"My friend plays Nami botlane and people keep saying ""Guess you didn't read the patchnotes"" whenever he buys Imperial Mandate. I get that they changed it but it's still a good item on Nami if I'm reading it correctly. Vulnerability on her Q and R doesn't seem bad and Ability Haste on Q (And R maybe?). I get that her E doesn't work anymore but I just dont see what they mean when they say ""Nami is useless after this patch"". Would someone care to help me understand why Nami would be considered bad now?",19,0.56,104,2026-06-06 12:18,https://reddit.com/r/leagueoflegends/comments/1tyfrpy/why_has_the_new_imperial_mandate_ruined_nami/,
169,1u0lznk,controversial,Discussion,Which champion has high skill floor and high skill ceiling?,"In my opinion, champions with high skill floor & high skill ceiling are Azir for mid lane and Bard for support. My reason of picking Bard is bcs a good is a Bard who knows how to play around his Q and ult. But it's harder to master his kit compared to other support champs. And I think Bard is a type of champion that can int + be useless for the whole game OR carry + annoy the enemies until they don't want to play anymore, there's no in-between. So what champ in your mind that fits this criteria and what's the reason?",0,0.49,105,2026-06-08 21:50,https://reddit.com/r/leagueoflegends/comments/1u0lznk/which_champion_has_high_skill_floor_and_high/,
170,1u00lwz,controversial,Discussion,T1 vs HLE on June 12 decides the first LCK MSI spot and whoever loses still has a chance through Gen.G or KT. This Road to MSI bracket is genuinely stressful,"Dplus KIA swept BRION 3-0 in Round 1 with Lucid posting a 79.3% kill participation and then pushed KT to five games in Round 2 before losing 3-2, so KT advance to face either HLE or T1 in the lower bracket while the top two seeds clash for the direct first slot. The LCK regular season peaked at 1.3 million concurrent viewers for T1 vs Gen.G in Week 7 which suggests this T1 vs HLE match on June 12 could go even higher with both MSI qualification and an Esports World Cup spot on the line simultaneously. MSI starts June 28 in Daejeon and the LPL already has both bracket stage spots locked thanks to BLG winning First Stand, meaning Korea needs both their reps to perform or the LPL walks away with a structural advantage before a single international game is played. Who do you think represents LCK at MSI and which matchup are you most worried about in Daejeon?",0,0.47,22,2026-06-08 07:11,https://reddit.com/r/leagueoflegends/comments/1u00lwz/t1_vs_hle_on_june_12_decides_the_first_lck_msi/,
171,1u2u1pq,controversial,Discussion,Why are we still playing this game in the wrong way?,"I've been playing since 2013 and it's crystal clear to me that when I used to play as a 5 premade I had the more fun and I felt the most fulfilled. The game had invested more and more into solo/duo as the main ranked mode but the game existed to be played as 5 and it shows. The well known toxicity of the lol players is systemic and empowered by a mode that highlights individual performances while the only way to win consistently is not by outplay Ur lane enemy but by playing smart as a team. The team experience right now is supported only in the pro scene and it's frustrating to see the game as it should be played and not having the chance to play it as well. Solo/duo should be a for fun mode imo. Sry for the rant but I rly feel like lol failed to deliver the experience it had the possibility to give. For every toxic player out there, u're at fault too, but the system also put you in the condition to be tilted cause the game taught you you needed to be stronger instead of a more capable communicator",0,0.48,47,2026-06-11 09:20,https://reddit.com/r/leagueoflegends/comments/1u2u1pq/why_are_we_still_playing_this_game_in_the_wrong/,
172,1u0jl1g,controversial,Discussion,I queue fill and I have to use a random number generator this season,"Not sure what they did to make all the toplaners quit the game or roleswap, but I am queueing fill in emerald and it's pretty much toplane every game. I've done this in previous seasons and it used to be a lot of support, or a lot of jungle, but it's not been this overwhelming as the past 2 patches or so. I'm using a number generator now to choose which roles to queue to kind of simulate the fill experience. Still get priority roles more often of course.",2,0.52,14,2026-06-08 20:20,https://reddit.com/r/leagueoflegends/comments/1u0jl1g/i_queue_fill_and_i_have_to_use_a_random_number/,
173,1u96rs3,controversial,Discussion,how different is emerald to plat?,"just started ranked for the first time just for shits n giggles, made it to plat in a few days and have been holding my own pretty well as a jungler and have been carrying a good amount of games. im considering continuing the grind to emerald but im worried ill spend a lot of time only to find out its out of my league. silver to gold to plat have largely been the same, but is there a real shift in emerald? edit: seems like the real divide is high vs low emerald, i think its worth a shot to give it a go, dont think id bother going for anything above e4 anyway. thanks for the responses",0,0.5,54,2026-06-18 13:48,https://reddit.com/r/leagueoflegends/comments/1u96rs3/how_different_is_emerald_to_plat/,
174,1u3tbc3,controversial,Esports,"Launched a Worlds roster sim game, where you chase the 13-0 perfect run!","Try it now for free: [https://www.13and0.com/](https://www.13and0.com/) Hi everyone, hope you are doing well! I just launched 13and0, a Worlds roster building game where you pick players from previous Worlds participating teams. Inspired by 82-0, the NBA game, I thought you might like a LoL version! There is also a leaderboard for you to compete if you choose to create an account, and you can even share previous runs, like this one: [https://www.13and0.com/share/?id=rOISAfikZZjKbo6traeB](https://www.13and0.com/share/?id=rOISAfikZZjKbo6traeB) Right now I’m also looking for people to try it out and give feedback on things like: * whether the ratings feel fair * if the UI is clear * bugs or weird behavior Mostly because (even though I've been watching since S3) I can't really remember every player's performances to give fair ratings. The game is a continuous work in progress, so feedback is very welcome. If you wish, I also created a Discord community that you can find and join in the website. Thanks, and let me know if you manage to build a 13-0 roster!",11,0.55,53,2026-06-12 12:02,https://reddit.com/r/leagueoflegends/comments/1u3tbc3/launched_a_worlds_roster_sim_game_where_you_chase/,
175,1tosx9a,controversial,Discussion,"Is norms truly the same as ranked, just without the icons?","I heard people say ""Oh norms is just like ranked, you just don't see an icon to sate your ego, you can be Faker literally from spamming norms"". And I'm like ""No?"", in norms, I see people not taking the same seriously, pre level 30 players, uneven matchmaking, and literally Gold players at most in most games. Altogether, it's a miserable practice environment if you wanna improve imo. I guess it's ""fun"" if you play with friends with mismatched ranks and skill level. Anyway, what do you think? Is norms on the same level of quality gameplay as ranked?",0,0.48,54,2026-05-27 03:00,https://reddit.com/r/leagueoflegends/comments/1tosx9a/is_norms_truly_the_same_as_ranked_just_without/,
176,1u01var,controversial,Gameplay,Cosmic Drive Annie vs Full Build Garen,"The combo of Cosmic Drive + Archangel Staff + Lucidity Boots + Deathfire Torch + Celerity makes me able to fight bruisers thanks to the speed, the stun spam, the tankiness and the dps.",0,0.5,13,2026-06-08 08:24,https://reddit.com/r/leagueoflegends/comments/1u01var/cosmic_drive_annie_vs_full_build_garen/,
177,1u1ia8k,controversial,Discussion,Waiting 5 minutes just to have a remake vote is no fun,"In the year 2026, when someone fails to connect or the client crashes, is it possible to have a better solution than everyone waiting 5 minutes for the game to open then waiting another 2 minutes to do a remake vote? How about waiting 2 minutes and immediately ending the game if the player doesn't connect?",0,0.5,30,2026-06-09 21:21,https://reddit.com/r/leagueoflegends/comments/1u1ia8k/waiting_5_minutes_just_to_have_a_remake_vote_is/,
178,1u9cz16,controversial,Esports,MSI Predictions - Groups/Finals,"Bracket stage (If T1 won play-ins) can be only 2 combinations (no region vs region): 100% correct **Combination A** BLG vs T1 LYON vs FURIA G2 vs TES HLE vs Secret Whales **Combination B** BLG vs T1 LYON vs Secret Whales G2 vs TES HLE vs FURIA So if T1 win play-in we will have BLG vs T1, finals before finals, but bc of double elimination they will probably face again in semi/finals (if you not hopium guy)... In my calculation and predictions there is only 3 possibilities: **1st case\*** T1 win play-in and all way to finals **T1 vs HLE/BLG(lower bracket final)** **2nd case\*** BLG win all way to finals **BLG vs HLE/T1(lower bracket final)** **3rd case\*** HLE win all way to finals **HLE vs BLG/T1(lower bracket final)** **This is if we look realistically and take into account that** **the favourites are T1, BLG and HLE!!!** ***\*Will T1 stay the LPL slayer?\****",1,0.51,60,2026-06-18 17:41,https://reddit.com/r/leagueoflegends/comments/1u9cz16/msi_predictions_groupsfinals/,
179,1tzssdq,controversial,Discussion,Who is the best carry jungler?,"Assuming that the player is skilled enough to play the champion at it's peak potential, which jungle champ do you think has the highest carry potential? As in they can solo win the game if they get strong enough. Assume that draft is unknown/random but is standard ADC bot lane and fighter/tank top lane.",3,0.53,92,2026-06-08 00:29,https://reddit.com/r/leagueoflegends/comments/1tzssdq/who_is_the_best_carry_jungler/,
180,1tz5ays,controversial,Discussion,700 Games to Hit Silver,"I got back into league of a six year hiatus. For the last six month I’ve been one tricking as Vi, and I barely got up to S2. I’ve had some great games, taking dragons and barons, rescuing losing lanes, but never carrying. Just doing my part, and then often watching my team fall apart, just a slow burn every time. I don’t understand what I’m doing wrong anymore. I watch vods sometimes and even use practice tool. Am I shooting myself in the foot by using Vi, or do I just not have the mental capacity to progress in this game?",0,0.48,54,2026-06-07 07:17,https://reddit.com/r/leagueoflegends/comments/1tz5ays/700_games_to_hit_silver/,
181,1tmx9k9,controversial,Discussion,"Seriously, why hasn't Riot brought back Twisted Treeline yet?","I still think about this map a lot, and with all the different modes they’ve been releasing, I just don't understand why the hell they won't bring back 3v3. The dynamics were incredibly fun, fast-paced, and it was the perfect break from the standard 5v5 stress. Plus, the map itself had a top-tier vibe. The Shadow Isles aesthetic, the altars, Vilemaw... the atmosphere was just unique. I understand that balancing and maintaining it permanently was an issue for them years ago, but why not add it to the Rotating Game Mode pool? We lost one of the best casual experiences in the game. What is actually stopping them from just letting us play it again for a few weeks?",0,0.47,20,2026-05-25 03:38,https://reddit.com/r/leagueoflegends/comments/1tmx9k9/seriously_why_hasnt_riot_brought_back_twisted/,
182,1u82lbn,controversial,Rotating Event,There is a deep problem with how ARAM Mayhem is handled,"This problem ALWAYS existed even before Mayhem, historically ARAM has always been a ranged poke fest but in Mayhem its quite unbearable much more with this new season, functionally every single augment and in particular the Champion Augments are almost 100% of the time more skewed for ranged poke, let me ask you, when the meta is already ranged domainated, what happens when you release 50 augments that say ""shoot even more projectiles for free"" ? what happens is that it creates even more meta-game pressure further pushing out melee champions. There needs to be a stance taken toward making the game more interactive, getting poked to death is not interactive, this is not to say that there isnt absolutely stupid nonsense that tanks can do, as an example, no one like getting Dropkicked for 30% healt but those tend to be individual exceptions instead of the wide pattern. Sure no one likes hearing ""your champion is not interactive"" but the truth is the truth",0,0.46,40,2026-06-17 06:43,https://reddit.com/r/leagueoflegends/comments/1u82lbn/there_is_a_deep_problem_with_how_aram_mayhem_is/,
183,1to40f4,controversial,Discussion,Why do smurf accounts even exist?,Why is it okay for smurfs to just ruin games? You get level 30 accounts full on either griefing or snowballing. Why is it okay for people to have multiple accounts that they can just run down with or completely overtake games?,0,0.46,169,2026-05-26 11:23,https://reddit.com/r/leagueoflegends/comments/1to40f4/why_do_smurf_accounts_even_exist/,
184,1tyvty4,controversial,Gameplay,"If the support goes to ward and the adc dies, which one is at fault ?","I play support and my boyfriend plays ADC, whenever i go to ward he ends up dying (i make sure the wave is in an appropriate position), he always argues it’s my fault that he dies when i just go place vision in case we get ganked, so i started being anxious about going to ward and asked him to play safe while i ward the drake or remove enemy wards but he says he won’t lose minions over this. Idk what to do. Any tips? (for exemple he was playing vayne while i played sera, i went to ward and they started a fight, instead of backing until i come back he fought them and died)",0,0.45,116,2026-06-06 23:15,https://reddit.com/r/leagueoflegends/comments/1tyvty4/if_the_support_goes_to_ward_and_the_adc_dies/,
185,1u17172,controversial,Discussion,I Am a Proud Assassin Poppy Player,"For multiple seasons of league, I have played Assassin Poppy jungle to decent effect. I usually rush Ghostblade and build full lethality afterwards. It is surprisingly addictive and can one shot most ADCs, Midlaners, and Supports with little to no mechanical skill involved as long as I can stun them on a wall. Has anyone else come across this play style for Poppy? I feel like I'm the only one out there that plays her like this.",0,0.49,33,2026-06-09 14:45,https://reddit.com/r/leagueoflegends/comments/1u17172/i_am_a_proud_assassin_poppy_player/,
186,1trzmjm,controversial,Discussion,Vladimir the single most overtuned champ in the game,"Genuine question, why does this champ not receive as much hate as it should? Champs like Mell are equivalent to Hitler, meanwhile this champ can go untargetable every millisecond, does way too much damage, has an extremely easy lane despite out scaling basically everything. Oh, and as a result he has a 52+% wr in top mid and adc. How is this champ avoiding nerfs?",0,0.45,61,2026-05-30 13:12,https://reddit.com/r/leagueoflegends/comments/1trzmjm/vladimir_the_single_most_overtuned_champ_in_the/,
187,1u0ptjj,controversial,Discussion,New to league and tried draven,I tried Draven out recently and didn't realise I was gonna get told to kms in 3 out of 7 games I played. Like jesus can you not be a new player in this game? or do you just have to be good right away? I even went into swift play thinking it would be a more qp type vibe but nope. Aparantly everyone in there treats it like comp or are actually understanding no in between. I am really struggling to find a role to stick to cause all it takes is one bad game and that's it I'm getting told to off myself what do you suggest I do? Do I stick it out as draven or just crawl back to the jungle? I really want to get better at this game I have never played something like this but days like today really get to you it's not like I'm ruining peoples ranked games I just want to practice and get better. Thank you all for the advice in my first day on Draven in swift play I played 7 games lost 6 but I'm sure if I keep at it I can at least get closer to a 50% win rate.,10,0.56,41,2026-06-09 00:30,https://reddit.com/r/leagueoflegends/comments/1u0ptjj/new_to_league_and_tried_draven/,
188,1u7v3lm,controversial,Discussion,New summoner: Need name!,"Edit 1: Ya’ll have spoken and we have decided…Talon it is! Hello there, we are a married couple who had 5 cats, each of them has a League champ name and their respective lane. Top: Darius Jg: Vi Adc: Jinx Support: Lux (anything that roots is a support). Summoner welcoming voice: our only cat who doesn’t have a league name (Maeve) We adopted a little panther a few days ago making it now 6 cats and we have designated him as the future mid laner but…we can’t choose a name! Mid: to be defined. We are between the following names for our cute mid laner: 1. Yone 2. Yasuo 3. Ekko 4. Teemo (cause you can play that disgusting character anywhere). The little guy is chill, sleeps most of the day, likes to play when awake and his love language is cuddling. Cat tax in comments. We also accept suggestions.",0,0.48,46,2026-06-17 00:28,https://reddit.com/r/leagueoflegends/comments/1u7v3lm/new_summoner_need_name/,
189,1tr7v0l,controversial,Discussion,"Buffing heimerdinger was a mistake, makes toplane worse","As a start, its the most toxic champ in the game. The worst designed - and NO ONE enjoys playing against this uninteractive champion. And I mean, no one. Now, buffing him was a bad idea (like the buffs he received earlier this year which were also a bad idea). The only way to counter him is to play range, so buffing champs like him, actually makes toplane be pushed MORE into range toplane meta. Which is already disgusting.",0,0.44,69,2026-05-29 16:47,https://reddit.com/r/leagueoflegends/comments/1tr7v0l/buffing_heimerdinger_was_a_mistake_makes_toplane/,
190,1ttd5ny,controversial,Discussion,Aram mayhen needs a sudden death mode. The hostage situation is insane,"Look, I know the mode is to have fun. And I have fun with it. I love doing weird ap builds, ad mages, AS funny things. Its all cool. What isn't cool is an aram games constantly, every single day lasting 40-50 minutes because neither team wants to win. I simply cannot take this anymore this needs to change",0,0.42,37,2026-06-01 01:07,https://reddit.com/r/leagueoflegends/comments/1ttd5ny/aram_mayhen_needs_a_sudden_death_mode_the_hostage/,
191,1u3a5n5,controversial,Discussion,"Is it true that, generally, range outscales melee?","A friend told me that no matter how well a melee champion scales, that on average it will pale in comparison to a ranged champ that also scales It got me thinking and I realized, that I can only really think of one melee champ that I'd put on par with the likes of Kayle/Asol - and thats Dr. Mundo. Whereas for ranged champions there's dozens of examples of hyper scalers, and my friend told me that a big part of the reason that they scale so well is because of range, and if they were melee, they'd be mid-game champs Do you all agree?",2,0.52,42,2026-06-11 20:15,https://reddit.com/r/leagueoflegends/comments/1u3a5n5/is_it_true_that_generally_range_outscales_melee/,
192,1u8qglc,controversial,Discussion,Bel'Veth Rework Concept,"I am extremely passionate about Bel'Veth, and I love thinking of designs for characters, and I am very confident in this Rework idea, and want to give it as much reach as I can. Simplified version with just the changes AND the reasoning for the change I made in the comments. ---------------- TLDR: Passive: Evolves abilities upon unique takedown (or every 5 +5 per evolution). More empowered attacks, and they deal bonus damage when evolved. Q: 3 instead of 1 second cooldown, refunds 1 second if hit and deals bonus damage when evolved. W: Split into two parts, cast time goes down with attack speed, leaves behind a DOT area once evolved. E: No damage reduction early and less damage early, range scales with stacks, hits multiple targets when evolved. R: Gains damage reduction during cast time, spawns 1/3 the remora the empowered ult spawns regardless of if the ult is empowered or not when evolved. All abilities have stack scalings, and get empowered for each rank in R. ---------------- Range: 150 -> 125 (+25 for each rank in R) AD level 1: 60 -> 57 ---------------- Passive: Death in Lavender Innate: Bel'Veth attacks faster than most champions, but her attacks deal 25% reduced damage. When Bel'Veth kills a large monster, large minion, enemy champion, or consumes a Void Coral, she gains 1 stack, 2 for epic monsters. Each stack grants .3%-1.2% bonus attack speed. For each unqiue enemy champion killed, Bel'Veth can evolve one of her abilities, empowering it for the rest of the game. Bel'Veth automatically evolves her passive first, and can only evolve her ultimate once all other abilities are evolved. (Alternatively, she evolve abilities at 5, 15, 30, 50, 75 stacks, getting 5 extra stacks on unique takedown for a total of 6. All the advantages of the unique takedown mechanic without being too feast or famine, but I think having a bonus for each unique takedown heavily plays into Bel'Veth's lore and identity). After using an ability, Bel'Veth's next 3 attacks gain 9-20% bonus attack speed and 12-36 (+12-36 agaisnt only monsters) +12% stacks + 12% bonus AD bonus physical damage to monsters. This damage cannot crit and does not benefit from lifesteal. Bel'Veth can store up to 9 attacks at a time. Once evolved, the bonus damage is increased to 12-36 + 16% stacks + 16% bonus AD and is dealt to champions as well as monsters. Note: the bonus damage is affected by Bel'Veth's reduced basic attack damage, making it's scalings effectively 9% unevolved 12% evolved, and base damage 9-27. The base damage of this ability is doubled agaisnt monsters whether unevolved or evolved, making its effective base damage agaisnt monsters 18-54. ---------------- Q: Void Surge (3 second cooldown minus .5 per rank in R) Bel'Veth dashes in one of four directions, with each direction having its own cooldown that goes down with ability level, and gains ability haste with bonus attack speed. The dash deals physical damage equal to 90/92.5/95/97.5/100% total AD, magic damage equal to 10% AP, and applies on hit effects and lifesteal agaisnt the first target hit. Direction cooldown: 16/14/12/10/8 Once evolved, hitting an enemy with Q will lower the cooldown of the ability by 1 second (the cooldown of the ability itself, not the direction). The first enemy hit will take 10% total AD +20% stacks bonus physical damage. (Alternatively, it could grant 10% +1% per 25 bAD + 1% per 50 AP +1% per 25 stacks movespeed decaying over 1.5 seconds upon hitting an enemy, either along side the cooldown reduction or the bonus damage) The damage of this ability (including the evolution) increases with crit chance (I.E 25% increased damage with 25% crit chance, 130% increased damage with 100% crit + IE) ---------------- W: Above and Below (cooldown: 12/11/10/9/8) Bel'Veth slams her tail into the ground, dealing physical damage equal to 100% total AD. Shortly after, the ground erupts with Void energy where she slammed, knocking up enemies for .75 seconds, slowing by 50% for 1.25/1.5/1.75/2/2.25 seconds, and dealing magic damage equal to 20/60/100/140/180 + 125% AP + 100% stacks. Hitting an enemy with the eruption refreshes Void Surge's direction's cooldown towards them. Bonus attack speed lowers the cast time of the slam, starting at .5 seconds and going down to .15. The time before the eruption goes down by .1 per rank in R, starting at .8 with no ranks in R, and getting down to .5 with three ranks in R. The damage of the slam is increased with crit chance (just like the Q). Once evolved, the Void energy lingers in the area, dealing magic damage equal to 26/42/58/74/90 + 100% AP +100% bonus AD + 100% stacks over 4 seconds. This area is left behind regardless of if an enemy was hit or not. ---------------- E: Royal Maelstrom (cooldown: 20/19/18/17/16) Bel'Veth roots herself in place for 1.5 seconds, gaining lifesteal (10% + 100% lifesteal at every rank), damage reduction scaling with champion level (0% at level 1, 60% at level 18), and channeling attacks that deal physical damage to the lowest health target in range. These attacks apply on hit effects, can crit, apply lifesteal, and deal up to four times their damage based on the target's missing health. The range of the attacks increases by 25 for each rank in R, and 1 for each stack. Base Range: 450 Base damage: 4/5/6/7/8 AD and on hit application ratio: 6%/6.5%/7%/7.5%/8% (scales with level in the ability). Deals 150% damage to monsters. Once evolved, the damage the main target takes gets echoed to additional targets as physical damage. 1 additional target per 20 stacks (meaning zero additional targets if you don't have 20 yet). This echoing damage is 25% (+1% per 100 bAD +1% per 100 AP + 1% per 25 stacks) of the damage the original target takes (the echoed damage is uneffected by the missing health of the bonus targets, being solely based on the pre-mitigation damage the primary target takes). All echoed damaged is physical damage (meaning true damage from the R on hit and any magic or true damage from runes or items is converted to physical damage for the additional targets). The additional target priority is identical to the normal target priority, hitting the lowest health unit other than the primary target, then the next lowest health target, then the next and so on. ---------------- R: Endless Banquet (3 second cooldown minus .5 per rank in R) Innate: Each rank put into this ability grants Bel'Veth 25 additional attack range and Royal Maelstrom range, lowers the delay of Above and Below's eruption by .1 seconds, and lowers Endless Banquet's and Void Surge's cooldown by .5 seconds, putting both at 1.5 seconds cooldown once Endless Banquet is maxed. Passive: Bel'Veth's attacks apply a mark that causes her to deal additional true damage every other attack, stacking infinitely as long as she doesn't change target. This has no base damage, but scales based on Bel'Veth's 12% bonus AD, 8% AP, and 8% stacks. E cannot apply the initial mark, however Q can apply it to the first enemy hit. Takedowns on enemy champions and epic monsters leave behind a Void Coral for 15 seconds. Bel'Veth can consume a Void Coral to slow all nearby enemies before exploding, dealing 150/200/250 +100% AP + 25% missing health true damage, and assuming her true form for 60s. During the cast time of this ability, Bel'Veth recieves the damage reduction from Royal Maelstrom. Once any Void Coral is consumed, all Void Coral currently active disappear and count as consumed. If Bel'Veth consumes the Void Coral from a Void Objective, the duration is empowered to 180s, and she remakes any enemy or allied minions that die near her into Void Remora. While in true form, Void Surge can go through walls, and Bel'Veth gains 50 range, 125% bonus AD + 100% AP + 100% stacks bonus health, and 10%/15%/20% total attack speed. Once evolved, while in true form, Bel'Veth will spawn 1 melee Remora and 1 Ranged remora at her position for every 6 enemy or ally minions that die near her (large minions count as 2). This effect happens regardless of if Bel'Veth has the empowered true form from a Void Objective or not. Void Remora count as lane minions with 50% health and 110% damage, being either ranged or melee. Large minions spawn 1 melee and 1 ranged Remora. ---------------- Long story short: She can evolve one ability (including passive) for each unique champion kill. Q deals less damage and has a higher cooldown, with that damage being made up for by the passive which now gives 3 attacks instead of 2, with those attacks dealing bonus damage to monsters, and to champions once evolved. W has a higher cast time early, shorter late (though the knockup itself is longer cast time until level 16), and deals more damage. E has way less damage reduction and damage early, but can deal reduced damage to additional targets once evolved, and it's range grows as the game goes on. R on hit deals less damage though now scales with AP and stacks. R active has damage reduction, and the true form once evolved allows you to spawn Remora even when not in empowered true form, spawning more remora when you are. The bonus health it provides has no base, but scales better and scales with stacks. Early game way worse (mainly more counterplay), late game way better (still high counterplay and feast or famine, just far more consistent). Less burst but more dps if you are going AD, and fitting AP into your build would be easier, with full AP builds potentially viable in certain matchups. Better zone control and safer damage with W, better teamfight E, and higher overall damage output late game. All at the cost of basically destroying her early game, making it pretty much impossible for her to get a solo kill until later into the game, or after getting a kill with assistance from a teammate (fitting her lore). ---------------- Potential buffs/nerfs: These are just some things that I am not sure about or small number changes if I think something might be too strong or too weak with the numbers I gave it. E range per stack: 2 instead of 1, or even 0/1/2/3 with rank in R. 1 might be a bit too low, as Bel'Veth rarely gets about 100 stacks most games, and given how radius works, 1 range per stack might be too little to be noticeable. While the bonus range is more for hyper late game scenarios and to improve her ""infinitely scaling"" identity, it SHOULD have some amount of impact in most games, and 1 per stack might not be enough, but 2 per stack might be too much. 0/1/2/3 scaling with R rank would be intuitive as R ranks increase the range anyway and would further make it noticeable in hyper late game scenarios without being OP in other situations. W AP scaling: 100% instead of 125%. With the 10% AP scaling on Q and more importantly the 100% AP scaling on the W evolution, 125% AP scaling on W might be too much. Alternatively, the evoluton could have it's AP ratio reduced to 75%, or both be 90%. AP Bel'Veth SHOULD be viable, as it is a fun and unqiue alternative playstyle which meaningfully changes how Bel'Veth is played when building AP instead of AD, but it shouldn't be OP. W evolution: I am unsure of if the DOT zone should be left by the eruption or the slam. I am pretty confident the eruption is better, as it makes more sense, but if it happened with the slam, it would make the evolution synergize with attack speed more, and make the evolution far stronger/more consistent. Q cooldown: 3.5 instead of 3. If the Q cooldown nerf isn't enough, 3.5 would fix that. R on hit: 8% bonus AD scaling instead of 12%. 8% would be a big nerf to the R on hit, and would make Bel'Veth kinda lose a bit of her identity, but it might be warranted given the rest of the changes. Alternatively, the AP ratio could be removed, as the very nature of the R on hit goes agaisnt the ranged aoe burst nature of AP on Bel, but I included the AP ratio on the R on hit specifically so you can more easily fit AP into AD builds, like slotting in a Gunblade or Nashor's or Rageblade. Evolution Mechanic: Every 10 stacks instead of on unique takedown. A commenter brought up a decent point about the unique takedown mechanic being too feast or famine or seemingly arbitrary, and while I disagree, I believe the mechanic as a whole would still work if it was every 10 stacks instead of unique takedown. It would heavily takeaway from her wanting to play aggressive at every stage of the game, but the mechanics as a whole would still function. If this was the case, stacks on champion takedown should be increased back to 2 instead of 1, as that change and the unique takedown mechanic go hand in hand. Changing it to something linear would also takeaway from the camping disincentive the unqiue takedown mechanic adds. Needing to get multiple unique takedowns makes camping one lane less appealing, which I think is a good thing. Instead of every 10 stacks, it could be 5 +5 per evolution, so you evolve passive at 5 stacks, can evolve a basic ability at 15, then 30, then 50, then finally evolving R at 75. A perfect balance would be getting evolutions at 5, 15, 30, 50, 75 stacks, but unique takedowns reward 5 extra stacks (6 total). That WOULD be a bit arbitrary, but probably the best way to implement the idea. ---------------- Here is a YouTube video I made explaining the rework. It's quite out of date, but if you want proof I'm not AI and hear my voice, here you go. https://youtu.be/Ya6yCNGMwbw?si=qSQI6UqjhVJNSn-z I've posted about this before, but this is the most refined version, and hopefully the last version. I don't really want Bel to be changed at all, but if she IS going to be changed, this is my best ideas as a Bel one trick to do it. I have well over 2 mil mastery on her, and she is my favorite character in all of fiction. I love thinking of champion designs.",0,0.47,14,2026-06-17 23:42,https://reddit.com/r/leagueoflegends/comments/1u8qglc/belveth_rework_concept/,
193,1u334tp,controversial,Discussion,What is the LOL equivalent of Knicks-Spurs Game 4,"In honor of last night's ludicrous game, what is the league equivalent to this? Either a series or a game or both—that is unbelievable. A recent example is the kt v Dplus Game 4 & 5 (and series), in which they have a combined 15k gold lead and somehow Dplus choked away.",0,0.48,25,2026-06-11 16:00,https://reddit.com/r/leagueoflegends/comments/1u334tp/what_is_the_lol_equivalent_of_knicksspurs_game_4/,
194,1tluqzd,controversial,Educational,Struggle with a specific Lane Matchup? Practice it before Ranked with Duelr | Duelr Dev Update 1,"I made this tool to provide a safe environment to practice hard matchups without the fear of throwing games for your team due to lack of knowledge and losing LP as a result. Find the matchups you struggle with the most, and get the reps you need to outplay it. Shoutout to everyone who commented on my last post! I read every comment and a lot of the feedback was implemented! \---------------------------------------------- Todays update includes the creation of: \-Lobbies \-Specific Matchup Overhaul \-Practice Partners Long form LFG \---------------------------------------------- [www.playduelr.com](http://www.playduelr.com)",1,0.51,1,2026-05-23 22:54,https://reddit.com/r/leagueoflegends/comments/1tluqzd/struggle_with_a_specific_lane_matchup_practice_it/,
195,1tqy12o,controversial,Discussion,How the heck ;-; (Pride Trails),I bought the icons and emotes on the homepage. From what I've read (there's already an achieved post on this) I only need to equip any of the pengu pride icons and the corrolating flag will show up as a trail for my champion in Leage and in TFT is that wrong?,0,0.49,29,2026-05-29 10:47,https://reddit.com/r/leagueoflegends/comments/1tqy12o/how_the_heck_pride_trails/,
196,1u4lhkf,controversial,Discussion,"Brand New (Just installed and completed the tutorial right now). Coming from a Smite player, with some other MOBA experience (Deadlock, PkmnUnite, Predecessor), what characters should I look into initially?","I am 100% a Tank Main. Whether it's Support or Solo Lane, I just like being beefy guys. My mains in these other MOBAs are: Almost all the Guardians in Smite, but my main mains being Cabrakan, Kuzenbo, Bacchus, Khumbakharna, Horus and Hercules (Warriors), and Cerberus. Moe&Krill and Dynamo in Deadlock. Mamoswine, Blastoise, and Trevenant in PU, and Riktor in Predecessor. A majority of these characters have 2 or more Hard CC's in their kits, and function as strong initiators and peelers. I'd describe my playstyle as enjoying doing decent damage and having pressure (especially early game), but late game being a heavy CC and Disruption player, whether I lock down targets for my Junglers to finish off, or Peel for my backline. While I like Support as a role, I definitely prefer Solo Lane. I much prefer fighting alongside the Jungler, rather than sitting back with the Mid/ADC. So far I've played and picked Darius, and while I find him kinda fun, he's not really my style in the longrun. What Tanks would you recommend? I haven't looked through them yet as there's quite alot. Blitzkrank is the only Champion I know the abilities of, because Hook Tanks are funny and I'm usually a fan. (Also if there's any tips to specifically get ""out of"" a Smite headspace when it comes to how roles function differently, please add those, I understand the base fundamentals of MoBAs, but learning a new one will always be difficult.)",2,0.53,54,2026-06-13 08:29,https://reddit.com/r/leagueoflegends/comments/1u4lhkf/brand_new_just_installed_and_completed_the/,
197,1tnjpnu,controversial,Discussion,How I Climbed to Silver After Being Hard Stuck for Years,This is a video about how I climbed to silver after being hard stuck for years I know not very impressive but I'm hoping to help out a few people who were in my situation Sorry the animation quality is pretty bad It looked a lot better in the editing software,0,0.5,6,2026-05-25 19:44,https://reddit.com/r/leagueoflegends/comments/1tnjpnu/how_i_climbed_to_silver_after_being_hard_stuck/,
198,1u30zg9,controversial,Gameplay,What should I do when defending tower against more than 1 enemy?,"Low elo player here, I would like some advices on how to play better in situations where I play under tower (defending), but also getting attack by the enemies. Should I run off, should I play better,... etc. thx in advance",0,0.44,82,2026-06-11 14:41,https://reddit.com/r/leagueoflegends/comments/1u30zg9/what_should_i_do_when_defending_tower_against/,
199,1tvp9oq,controversial,Discussion,Honestly I might quit the game if Aram mayhem is removed.,Played ranked for years enjoyed it but between the toxicity and stress and the time consuming nature of a 59 minute game that could be over after 10. I also played normal aram fun short etc. but with Aram mayhem I think they nailed a game for people to just have fun on its great wining or losing doesn't actually matter tbh. Just building up see what crazy combos you can do. This is the way forward for my league career I think at my advanced age (late 30s) . I think it's perfect for long term players who know have families maybe wanna chill have a bit of fun in the night) evening. Great stuff I don't think I'll go back to normal ranked after hope they keep the mode.,0,0.39,33,2026-06-03 13:24,https://reddit.com/r/leagueoflegends/comments/1tvp9oq/honestly_i_might_quit_the_game_if_aram_mayhem_is/,
